randomness,strategy,run_number,seed,outcome,accepted_tasks,rejected_tasks,elapsed_working_days,total_cost,nominal_budget_exhausted,effective_210000_ceiling_exceeded,quality_score,time_score,budget_score,total_score
none,low-cost-staffing,0,1571220,deadline_reached,66,34,70,116900.0,False,False,18,20,45,83
none,low-cost-staffing,1,1571221,deadline_reached,68,32,70,116900.0,False,False,19,20,45,84
none,low-cost-staffing,2,1571222,deadline_reached,59,41,70,116900.0,False,False,15,20,45,80
none,low-cost-staffing,3,1571223,deadline_reached,65,35,70,116900.0,False,False,18,20,45,83
none,low-cost-staffing,4,1571224,deadline_reached,60,40,70,116900.0,False,False,16,20,45,81
none,low-cost-staffing,5,1571225,deadline_reached,67,33,70,116900.0,False,False,19,20,45,84
none,low-cost-staffing,6,1571226,deadline_reached,65,35,70,116900.0,False,False,18,20,45,83
none,low-cost-staffing,7,1571227,deadline_reached,68,32,70,116900.0,False,False,19,20,45,84
none,low-cost-staffing,8,1571228,deadline_reached,69,31,70,116900.0,False,False,20,20,45,85
none,low-cost-staffing,9,1571229,deadline_reached,70,30,70,116900.0,False,False,20,20,45,85
none,low-cost-staffing,10,1571230,deadline_reached,67,33,70,116900.0,False,False,19,20,45,84
none,low-cost-staffing,11,1571231,deadline_reached,67,33,70,116900.0,False,False,19,20,45,84
none,low-cost-staffing,12,1571232,deadline_reached,61,39,70,116900.0,False,False,16,20,45,81
none,low-cost-staffing,13,1571233,deadline_reached,59,41,70,116900.0,False,False,15,20,45,80
none,low-cost-staffing,14,1571234,deadline_reached,57,43,70,116900.0,False,False,15,20,45,80
none,low-cost-staffing,15,1571235,deadline_reached,61,39,70,116900.0,False,False,16,20,45,81
none,low-cost-staffing,16,1571236,deadline_reached,50,50,70,116900.0,False,False,12,20,45,77
none,low-cost-staffing,17,1571237,deadline_reached,57,43,70,116900.0,False,False,15,20,45,80
none,low-cost-staffing,18,1571238,deadline_reached,57,43,70,116900.0,False,False,15,20,45,80
none,low-cost-staffing,19,1571239,deadline_reached,58,42,70,116900.0,False,False,15,20,45,80
none,low-cost-staffing,20,1571240,deadline_reached,63,37,70,116900.0,False,False,17,20,45,82
none,low-cost-staffing,21,1571241,deadline_reached,66,34,70,116900.0,False,False,18,20,45,83
none,low-cost-staffing,22,1571242,deadline_reached,62,38,70,116900.0,False,False,17,20,45,82
none,low-cost-staffing,23,1571243,deadline_reached,66,34,70,116900.0,False,False,18,20,45,83
none,low-cost-staffing,24,1571244,deadline_reached,59,41,70,116900.0,False,False,15,20,45,80
none,low-cost-staffing,25,1571245,deadline_reached,58,42,70,116900.0,False,False,15,20,45,80
none,low-cost-staffing,26,1571246,deadline_reached,48,52,70,116900.0,False,False,11,20,45,76
none,low-cost-staffing,27,1571247,deadline_reached,61,39,70,116900.0,False,False,16,20,45,81
none,low-cost-staffing,28,1571248,deadline_reached,58,42,70,116900.0,False,False,15,20,45,80
none,low-cost-staffing,29,1571249,deadline_reached,61,39,70,116900.0,False,False,16,20,45,81
none,low-cost-staffing,30,1571250,deadline_reached,49,51,70,116900.0,False,False,12,20,45,77
none,low-cost-staffing,31,1571251,deadline_reached,56,44,70,116900.0,False,False,14,20,45,79
none,low-cost-staffing,32,1571252,deadline_reached,51,49,70,116900.0,False,False,12,20,45,77
none,low-cost-staffing,33,1571253,deadline_reached,60,40,70,116900.0,False,False,16,20,45,81
none,low-cost-staffing,34,1571254,deadline_reached,64,36,70,116900.0,False,False,17,20,45,82
none,low-cost-staffing,35,1571255,deadline_reached,68,32,70,116900.0,False,False,19,20,45,84
none,low-cost-staffing,36,1571256,deadline_reached,69,31,70,116900.0,False,False,20,20,45,85
none,low-cost-staffing,37,1571257,deadline_reached,65,35,70,116900.0,False,False,18,20,45,83
none,low-cost-staffing,38,1571258,deadline_reached,58,42,70,116900.0,False,False,15,20,45,80
none,low-cost-staffing,39,1571259,deadline_reached,59,41,70,116900.0,False,False,15,20,45,80
none,low-cost-staffing,40,1571260,deadline_reached,59,41,70,116900.0,False,False,15,20,45,80
none,low-cost-staffing,41,1571261,deadline_reached,61,39,70,116900.0,False,False,16,20,45,81
none,low-cost-staffing,42,1571262,deadline_reached,63,37,70,116900.0,False,False,17,20,45,82
none,low-cost-staffing,43,1571263,deadline_reached,66,34,70,116900.0,False,False,18,20,45,83
none,low-cost-staffing,44,1571264,deadline_reached,68,32,70,116900.0,False,False,19,20,45,84
none,low-cost-staffing,45,1571265,deadline_reached,73,27,70,116900.0,False,False,21,20,45,86
none,low-cost-staffing,46,1571266,deadline_reached,70,30,70,116900.0,False,False,20,20,45,85
none,low-cost-staffing,47,1571267,deadline_reached,66,34,70,116900.0,False,False,18,20,45,83
none,low-cost-staffing,48,1571268,deadline_reached,72,28,70,116900.0,False,False,21,20,45,86
none,low-cost-staffing,49,1571269,deadline_reached,69,31,70,116900.0,False,False,20,20,45,85
none,low-cost-staffing,50,1571270,deadline_reached,56,44,70,116900.0,False,False,14,20,45,79
none,low-cost-staffing,51,1571271,deadline_reached,60,40,70,116900.0,False,False,16,20,45,81
none,low-cost-staffing,52,1571272,deadline_reached,58,42,70,116900.0,False,False,15,20,45,80
none,low-cost-staffing,53,1571273,deadline_reached,60,40,70,116900.0,False,False,16,20,45,81
none,low-cost-staffing,54,1571274,deadline_reached,68,32,70,116900.0,False,False,19,20,45,84
none,low-cost-staffing,55,1571275,deadline_reached,57,43,70,116900.0,False,False,15,20,45,80
none,low-cost-staffing,56,1571276,deadline_reached,64,36,70,116900.0,False,False,17,20,45,82
none,low-cost-staffing,57,1571277,deadline_reached,65,35,70,116900.0,False,False,18,20,45,83
none,low-cost-staffing,58,1571278,deadline_reached,70,30,70,116900.0,False,False,20,20,45,85
none,low-cost-staffing,59,1571279,deadline_reached,69,31,70,116900.0,False,False,20,20,45,85
none,low-cost-staffing,60,1571280,deadline_reached,68,32,70,116900.0,False,False,19,20,45,84
none,low-cost-staffing,61,1571281,deadline_reached,68,32,70,116900.0,False,False,19,20,45,84
none,low-cost-staffing,62,1571282,deadline_reached,71,29,70,116900.0,False,False,20,20,45,85
none,low-cost-staffing,63,1571283,deadline_reached,70,30,70,116900.0,False,False,20,20,45,85
none,low-cost-staffing,64,1571284,deadline_reached,59,41,70,116900.0,False,False,15,20,45,80
none,low-cost-staffing,65,1571285,deadline_reached,66,34,70,116900.0,False,False,18,20,45,83
none,low-cost-staffing,66,1571286,deadline_reached,65,35,70,116900.0,False,False,18,20,45,83
none,low-cost-staffing,67,1571287,deadline_reached,56,44,70,116900.0,False,False,14,20,45,79
none,low-cost-staffing,68,1571288,deadline_reached,63,37,70,116900.0,False,False,17,20,45,82
none,low-cost-staffing,69,1571289,deadline_reached,59,41,70,116900.0,False,False,15,20,45,80
none,low-cost-staffing,70,1571290,deadline_reached,65,35,70,116900.0,False,False,18,20,45,83
none,low-cost-staffing,71,1571291,deadline_reached,65,35,70,116900.0,False,False,18,20,45,83
none,low-cost-staffing,72,1571292,deadline_reached,63,37,70,116900.0,False,False,17,20,45,82
none,low-cost-staffing,73,1571293,deadline_reached,70,30,70,116900.0,False,False,20,20,45,85
none,low-cost-staffing,74,1571294,deadline_reached,63,37,70,116900.0,False,False,17,20,45,82
none,low-cost-staffing,75,1571295,deadline_reached,63,37,70,116900.0,False,False,17,20,45,82
none,low-cost-staffing,76,1571296,deadline_reached,65,35,70,116900.0,False,False,18,20,45,83
none,low-cost-staffing,77,1571297,deadline_reached,66,34,70,116900.0,False,False,18,20,45,83
none,low-cost-staffing,78,1571298,deadline_reached,60,40,70,116900.0,False,False,16,20,45,81
none,low-cost-staffing,79,1571299,deadline_reached,62,38,70,116900.0,False,False,17,20,45,82
none,low-cost-staffing,80,1571300,deadline_reached,66,34,70,116900.0,False,False,18,20,45,83
none,low-cost-staffing,81,1571301,deadline_reached,57,43,70,116900.0,False,False,15,20,45,80
none,low-cost-staffing,82,1571302,deadline_reached,58,42,70,116900.0,False,False,15,20,45,80
none,low-cost-staffing,83,1571303,deadline_reached,64,36,70,116900.0,False,False,17,20,45,82
none,low-cost-staffing,84,1571304,deadline_reached,62,38,70,116900.0,False,False,17,20,45,82
none,low-cost-staffing,85,1571305,deadline_reached,68,32,70,116900.0,False,False,19,20,45,84
none,low-cost-staffing,86,1571306,deadline_reached,69,31,70,116900.0,False,False,20,20,45,85
none,low-cost-staffing,87,1571307,deadline_reached,70,30,70,116900.0,False,False,20,20,45,85
none,low-cost-staffing,88,1571308,deadline_reached,68,32,70,116900.0,False,False,19,20,45,84
none,low-cost-staffing,89,1571309,deadline_reached,60,40,70,116900.0,False,False,16,20,45,81
none,low-cost-staffing,90,1571310,deadline_reached,61,39,70,116900.0,False,False,16,20,45,81
none,low-cost-staffing,91,1571311,deadline_reached,71,29,70,116900.0,False,False,20,20,45,85
none,low-cost-staffing,92,1571312,deadline_reached,69,31,70,116900.0,False,False,20,20,45,85
none,low-cost-staffing,93,1571313,deadline_reached,64,36,70,116900.0,False,False,17,20,45,82
none,low-cost-staffing,94,1571314,deadline_reached,70,30,70,116900.0,False,False,20,20,45,85
none,low-cost-staffing,95,1571315,deadline_reached,66,34,70,116900.0,False,False,18,20,45,83
none,low-cost-staffing,96,1571316,deadline_reached,72,28,70,116900.0,False,False,21,20,45,86
none,low-cost-staffing,97,1571317,deadline_reached,67,33,70,116900.0,False,False,19,20,45,84
none,low-cost-staffing,98,1571318,deadline_reached,68,32,70,116900.0,False,False,19,20,45,84
none,low-cost-staffing,99,1571319,deadline_reached,66,34,70,116900.0,False,False,18,20,45,83
none,low-cost-staffing,100,1571320,deadline_reached,66,34,70,116900.0,False,False,18,20,45,83
none,low-cost-staffing,101,1571321,deadline_reached,68,32,70,116900.0,False,False,19,20,45,84
none,low-cost-staffing,102,1571322,deadline_reached,70,30,70,116900.0,False,False,20,20,45,85
none,low-cost-staffing,103,1571323,deadline_reached,61,39,70,116900.0,False,False,16,20,45,81
none,low-cost-staffing,104,1571324,deadline_reached,67,33,70,116900.0,False,False,19,20,45,84
none,low-cost-staffing,105,1571325,deadline_reached,69,31,70,116900.0,False,False,20,20,45,85
none,low-cost-staffing,106,1571326,deadline_reached,64,36,70,116900.0,False,False,17,20,45,82
none,low-cost-staffing,107,1571327,deadline_reached,63,37,70,116900.0,False,False,17,20,45,82
none,low-cost-staffing,108,1571328,deadline_reached,55,45,70,116900.0,False,False,14,20,45,79
none,low-cost-staffing,109,1571329,deadline_reached,64,36,70,116900.0,False,False,17,20,45,82
none,low-cost-staffing,110,1571330,deadline_reached,54,46,70,116900.0,False,False,13,20,45,78
none,low-cost-staffing,111,1571331,deadline_reached,59,41,70,116900.0,False,False,15,20,45,80
none,low-cost-staffing,112,1571332,deadline_reached,61,39,70,116900.0,False,False,16,20,45,81
none,low-cost-staffing,113,1571333,deadline_reached,59,41,70,116900.0,False,False,15,20,45,80
none,low-cost-staffing,114,1571334,deadline_reached,56,44,70,116900.0,False,False,14,20,45,79
none,low-cost-staffing,115,1571335,deadline_reached,57,43,70,116900.0,False,False,15,20,45,80
none,low-cost-staffing,116,1571336,deadline_reached,59,41,70,116900.0,False,False,15,20,45,80
none,low-cost-staffing,117,1571337,deadline_reached,52,48,70,116900.0,False,False,13,20,45,78
none,low-cost-staffing,118,1571338,deadline_reached,54,46,70,116900.0,False,False,13,20,45,78
none,low-cost-staffing,119,1571339,deadline_reached,58,42,70,116900.0,False,False,15,20,45,80
none,low-cost-staffing,120,1571340,deadline_reached,54,46,70,116900.0,False,False,13,20,45,78
none,low-cost-staffing,121,1571341,deadline_reached,55,45,70,116900.0,False,False,14,20,45,79
none,low-cost-staffing,122,1571342,deadline_reached,57,43,70,116900.0,False,False,15,20,45,80
none,low-cost-staffing,123,1571343,deadline_reached,58,42,70,116900.0,False,False,15,20,45,80
none,low-cost-staffing,124,1571344,deadline_reached,57,43,70,116900.0,False,False,15,20,45,80
none,low-cost-staffing,125,1571345,deadline_reached,63,37,70,116900.0,False,False,17,20,45,82
none,low-cost-staffing,126,1571346,deadline_reached,64,36,70,116900.0,False,False,17,20,45,82
none,low-cost-staffing,127,1571347,deadline_reached,52,48,70,116900.0,False,False,13,20,45,78
none,low-cost-staffing,128,1571348,deadline_reached,63,37,70,116900.0,False,False,17,20,45,82
none,low-cost-staffing,129,1571349,deadline_reached,62,38,70,116900.0,False,False,17,20,45,82
none,low-cost-staffing,130,1571350,deadline_reached,62,38,70,116900.0,False,False,17,20,45,82
none,low-cost-staffing,131,1571351,deadline_reached,62,38,70,116900.0,False,False,17,20,45,82
none,low-cost-staffing,132,1571352,deadline_reached,70,30,70,116900.0,False,False,20,20,45,85
none,low-cost-staffing,133,1571353,deadline_reached,67,33,70,116900.0,False,False,19,20,45,84
none,low-cost-staffing,134,1571354,deadline_reached,64,36,70,116900.0,False,False,17,20,45,82
none,low-cost-staffing,135,1571355,deadline_reached,65,35,70,116900.0,False,False,18,20,45,83
none,low-cost-staffing,136,1571356,deadline_reached,67,33,70,116900.0,False,False,19,20,45,84
none,low-cost-staffing,137,1571357,deadline_reached,68,32,70,116900.0,False,False,19,20,45,84
none,low-cost-staffing,138,1571358,deadline_reached,66,34,70,116900.0,False,False,18,20,45,83
none,low-cost-staffing,139,1571359,deadline_reached,67,33,70,116900.0,False,False,19,20,45,84
none,low-cost-staffing,140,1571360,deadline_reached,58,42,70,116900.0,False,False,15,20,45,80
none,low-cost-staffing,141,1571361,deadline_reached,62,38,70,116900.0,False,False,17,20,45,82
none,low-cost-staffing,142,1571362,deadline_reached,70,30,70,116900.0,False,False,20,20,45,85
none,low-cost-staffing,143,1571363,deadline_reached,69,31,70,116900.0,False,False,20,20,45,85
none,low-cost-staffing,144,1571364,deadline_reached,69,31,70,116900.0,False,False,20,20,45,85
none,low-cost-staffing,145,1571365,deadline_reached,70,30,70,116900.0,False,False,20,20,45,85
none,low-cost-staffing,146,1571366,deadline_reached,66,34,70,116900.0,False,False,18,20,45,83
none,low-cost-staffing,147,1571367,deadline_reached,64,36,70,116900.0,False,False,17,20,45,82
none,low-cost-staffing,148,1571368,deadline_reached,66,34,70,116900.0,False,False,18,20,45,83
none,low-cost-staffing,149,1571369,deadline_reached,68,32,70,116900.0,False,False,19,20,45,84
none,low-cost-staffing,150,1571370,deadline_reached,71,29,70,116900.0,False,False,20,20,45,85
none,low-cost-staffing,151,1571371,deadline_reached,71,29,70,116900.0,False,False,20,20,45,85
none,low-cost-staffing,152,1571372,deadline_reached,72,28,70,116900.0,False,False,21,20,45,86
none,low-cost-staffing,153,1571373,deadline_reached,70,30,70,116900.0,False,False,20,20,45,85
none,low-cost-staffing,154,1571374,deadline_reached,73,27,70,116900.0,False,False,21,20,45,86
none,low-cost-staffing,155,1571375,deadline_reached,68,32,70,116900.0,False,False,19,20,45,84
none,low-cost-staffing,156,1571376,deadline_reached,65,35,70,116900.0,False,False,18,20,45,83
none,low-cost-staffing,157,1571377,deadline_reached,63,37,70,116900.0,False,False,17,20,45,82
none,low-cost-staffing,158,1571378,deadline_reached,62,38,70,116900.0,False,False,17,20,45,82
none,low-cost-staffing,159,1571379,deadline_reached,64,36,70,116900.0,False,False,17,20,45,82
none,low-cost-staffing,160,1571380,deadline_reached,66,34,70,116900.0,False,False,18,20,45,83
none,low-cost-staffing,161,1571381,deadline_reached,59,41,70,116900.0,False,False,15,20,45,80
none,low-cost-staffing,162,1571382,deadline_reached,63,37,70,116900.0,False,False,17,20,45,82
none,low-cost-staffing,163,1571383,deadline_reached,64,36,70,116900.0,False,False,17,20,45,82
none,low-cost-staffing,164,1571384,deadline_reached,72,28,70,116900.0,False,False,21,20,45,86
none,low-cost-staffing,165,1571385,deadline_reached,64,36,70,116900.0,False,False,17,20,45,82
none,low-cost-staffing,166,1571386,deadline_reached,68,32,70,116900.0,False,False,19,20,45,84
none,low-cost-staffing,167,1571387,deadline_reached,61,39,70,116900.0,False,False,16,20,45,81
none,low-cost-staffing,168,1571388,deadline_reached,68,32,70,116900.0,False,False,19,20,45,84
none,low-cost-staffing,169,1571389,deadline_reached,58,42,70,116900.0,False,False,15,20,45,80
none,low-cost-staffing,170,1571390,deadline_reached,65,35,70,116900.0,False,False,18,20,45,83
none,low-cost-staffing,171,1571391,deadline_reached,70,30,70,116900.0,False,False,20,20,45,85
none,low-cost-staffing,172,1571392,deadline_reached,66,34,70,116900.0,False,False,18,20,45,83
none,low-cost-staffing,173,1571393,deadline_reached,58,42,70,116900.0,False,False,15,20,45,80
none,low-cost-staffing,174,1571394,deadline_reached,64,36,70,116900.0,False,False,17,20,45,82
none,low-cost-staffing,175,1571395,deadline_reached,71,29,70,116900.0,False,False,20,20,45,85
none,low-cost-staffing,176,1571396,deadline_reached,70,30,70,116900.0,False,False,20,20,45,85
none,low-cost-staffing,177,1571397,deadline_reached,61,39,70,116900.0,False,False,16,20,45,81
none,low-cost-staffing,178,1571398,deadline_reached,62,38,70,116900.0,False,False,17,20,45,82
none,low-cost-staffing,179,1571399,deadline_reached,60,40,70,116900.0,False,False,16,20,45,81
none,low-cost-staffing,180,1571400,deadline_reached,63,37,70,116900.0,False,False,17,20,45,82
none,low-cost-staffing,181,1571401,deadline_reached,65,35,70,116900.0,False,False,18,20,45,83
none,low-cost-staffing,182,1571402,deadline_reached,67,33,70,116900.0,False,False,19,20,45,84
none,low-cost-staffing,183,1571403,deadline_reached,69,31,70,116900.0,False,False,20,20,45,85
none,low-cost-staffing,184,1571404,deadline_reached,72,28,70,116900.0,False,False,21,20,45,86
none,low-cost-staffing,185,1571405,deadline_reached,74,26,70,116900.0,False,False,22,20,45,87
none,low-cost-staffing,186,1571406,deadline_reached,67,33,70,116900.0,False,False,19,20,45,84
none,low-cost-staffing,187,1571407,deadline_reached,71,29,70,116900.0,False,False,20,20,45,85
none,low-cost-staffing,188,1571408,deadline_reached,64,36,70,116900.0,False,False,17,20,45,82
none,low-cost-staffing,189,1571409,deadline_reached,64,36,70,116900.0,False,False,17,20,45,82
none,low-cost-staffing,190,1571410,deadline_reached,60,40,70,116900.0,False,False,16,20,45,81
none,low-cost-staffing,191,1571411,deadline_reached,54,46,70,116900.0,False,False,13,20,45,78
none,low-cost-staffing,192,1571412,deadline_reached,54,46,70,116900.0,False,False,13,20,45,78
none,low-cost-staffing,193,1571413,deadline_reached,58,42,70,116900.0,False,False,15,20,45,80
none,low-cost-staffing,194,1571414,deadline_reached,56,44,70,116900.0,False,False,14,20,45,79
none,low-cost-staffing,195,1571415,deadline_reached,58,42,70,116900.0,False,False,15,20,45,80
none,low-cost-staffing,196,1571416,deadline_reached,64,36,70,116900.0,False,False,17,20,45,82
none,low-cost-staffing,197,1571417,deadline_reached,66,34,70,116900.0,False,False,18,20,45,83
none,low-cost-staffing,198,1571418,deadline_reached,64,36,70,116900.0,False,False,17,20,45,82
none,low-cost-staffing,199,1571419,deadline_reached,54,46,70,116900.0,False,False,13,20,45,78
none,senior-heavy-delivery,0,1571220,completed,100,0,50,215000.0,False,True,35,20,45,100
none,senior-heavy-delivery,1,1571221,completed,100,0,45,193500.0,False,False,35,20,45,100
none,senior-heavy-delivery,2,1571222,completed,100,0,55,236500.0,False,True,35,20,45,100
none,senior-heavy-delivery,3,1571223,completed,100,0,45,193500.0,False,False,35,20,45,100
none,senior-heavy-delivery,4,1571224,completed,100,0,45,193500.0,False,False,35,20,45,100
none,senior-heavy-delivery,5,1571225,completed,100,0,65,279500.0,True,True,35,20,30,85
none,senior-heavy-delivery,6,1571226,completed,100,0,60,258000.0,True,True,35,20,39,94
none,senior-heavy-delivery,7,1571227,completed,100,0,55,236500.0,False,True,35,20,45,100
none,senior-heavy-delivery,8,1571228,completed,100,0,50,215000.0,False,True,35,20,45,100
none,senior-heavy-delivery,9,1571229,completed,100,0,45,193500.0,False,False,35,20,45,100
none,senior-heavy-delivery,10,1571230,completed,100,0,40,172000.0,False,False,35,20,45,100
none,senior-heavy-delivery,11,1571231,completed,100,0,60,258000.0,True,True,35,20,39,94
none,senior-heavy-delivery,12,1571232,completed,100,0,55,236500.0,False,True,35,20,45,100
none,senior-heavy-delivery,13,1571233,completed,100,0,45,193500.0,False,False,35,20,45,100
none,senior-heavy-delivery,14,1571234,completed,100,0,50,215000.0,False,True,35,20,45,100
none,senior-heavy-delivery,15,1571235,completed,100,0,45,193500.0,False,False,35,20,45,100
none,senior-heavy-delivery,16,1571236,completed,100,0,50,215000.0,False,True,35,20,45,100
none,senior-heavy-delivery,17,1571237,completed,100,0,50,215000.0,False,True,35,20,45,100
none,senior-heavy-delivery,18,1571238,completed,100,0,50,215000.0,False,True,35,20,45,100
none,senior-heavy-delivery,19,1571239,completed,100,0,55,236500.0,False,True,35,20,45,100
none,senior-heavy-delivery,20,1571240,completed,100,0,50,215000.0,False,True,35,20,45,100
none,senior-heavy-delivery,21,1571241,completed,100,0,50,215000.0,False,True,35,20,45,100
none,senior-heavy-delivery,22,1571242,completed,100,0,50,215000.0,False,True,35,20,45,100
none,senior-heavy-delivery,23,1571243,completed,100,0,45,193500.0,False,False,35,20,45,100
none,senior-heavy-delivery,24,1571244,completed,100,0,45,193500.0,False,False,35,20,45,100
none,senior-heavy-delivery,25,1571245,completed,100,0,45,193500.0,False,False,35,20,45,100
none,senior-heavy-delivery,26,1571246,completed,100,0,50,215000.0,False,True,35,20,45,100
none,senior-heavy-delivery,27,1571247,completed,100,0,50,215000.0,False,True,35,20,45,100
none,senior-heavy-delivery,28,1571248,completed,100,0,55,236500.0,False,True,35,20,45,100
none,senior-heavy-delivery,29,1571249,completed,100,0,55,236500.0,False,True,35,20,45,100
none,senior-heavy-delivery,30,1571250,completed,100,0,45,193500.0,False,False,35,20,45,100
none,senior-heavy-delivery,31,1571251,completed,100,0,45,193500.0,False,False,35,20,45,100
none,senior-heavy-delivery,32,1571252,completed,100,0,55,236500.0,False,True,35,20,45,100
none,senior-heavy-delivery,33,1571253,completed,100,0,65,279500.0,True,True,35,20,30,85
none,senior-heavy-delivery,34,1571254,completed,100,0,50,215000.0,False,True,35,20,45,100
none,senior-heavy-delivery,35,1571255,completed,100,0,55,236500.0,False,True,35,20,45,100
none,senior-heavy-delivery,36,1571256,completed,100,0,55,236500.0,False,True,35,20,45,100
none,senior-heavy-delivery,37,1571257,completed,100,0,50,215000.0,False,True,35,20,45,100
none,senior-heavy-delivery,38,1571258,completed,100,0,50,215000.0,False,True,35,20,45,100
none,senior-heavy-delivery,39,1571259,completed,100,0,55,236500.0,False,True,35,20,45,100
none,senior-heavy-delivery,40,1571260,completed,100,0,45,193500.0,False,False,35,20,45,100
none,senior-heavy-delivery,41,1571261,completed,100,0,45,193500.0,False,False,35,20,45,100
none,senior-heavy-delivery,42,1571262,completed,100,0,55,236500.0,False,True,35,20,45,100
none,senior-heavy-delivery,43,1571263,completed,100,0,50,215000.0,False,True,35,20,45,100
none,senior-heavy-delivery,44,1571264,completed,100,0,50,215000.0,False,True,35,20,45,100
none,senior-heavy-delivery,45,1571265,completed,100,0,60,258000.0,True,True,35,20,39,94
none,senior-heavy-delivery,46,1571266,completed,100,0,50,215000.0,False,True,35,20,45,100
none,senior-heavy-delivery,47,1571267,completed,100,0,55,236500.0,False,True,35,20,45,100
none,senior-heavy-delivery,48,1571268,completed,100,0,50,215000.0,False,True,35,20,45,100
none,senior-heavy-delivery,49,1571269,completed,100,0,50,215000.0,False,True,35,20,45,100
none,senior-heavy-delivery,50,1571270,completed,100,0,50,215000.0,False,True,35,20,45,100
none,senior-heavy-delivery,51,1571271,completed,100,0,45,193500.0,False,False,35,20,45,100
none,senior-heavy-delivery,52,1571272,completed,100,0,45,193500.0,False,False,35,20,45,100
none,senior-heavy-delivery,53,1571273,completed,100,0,50,215000.0,False,True,35,20,45,100
none,senior-heavy-delivery,54,1571274,completed,100,0,45,193500.0,False,False,35,20,45,100
none,senior-heavy-delivery,55,1571275,completed,100,0,40,172000.0,False,False,35,20,45,100
none,senior-heavy-delivery,56,1571276,completed,100,0,45,193500.0,False,False,35,20,45,100
none,senior-heavy-delivery,57,1571277,completed,100,0,45,193500.0,False,False,35,20,45,100
none,senior-heavy-delivery,58,1571278,completed,100,0,55,236500.0,False,True,35,20,45,100
none,senior-heavy-delivery,59,1571279,completed,100,0,50,215000.0,False,True,35,20,45,100
none,senior-heavy-delivery,60,1571280,completed,100,0,60,258000.0,True,True,35,20,39,94
none,senior-heavy-delivery,61,1571281,completed,100,0,55,236500.0,False,True,35,20,45,100
none,senior-heavy-delivery,62,1571282,completed,100,0,45,193500.0,False,False,35,20,45,100
none,senior-heavy-delivery,63,1571283,completed,100,0,45,193500.0,False,False,35,20,45,100
none,senior-heavy-delivery,64,1571284,completed,100,0,45,193500.0,False,False,35,20,45,100
none,senior-heavy-delivery,65,1571285,completed,100,0,45,193500.0,False,False,35,20,45,100
none,senior-heavy-delivery,66,1571286,completed,100,0,40,172000.0,False,False,35,20,45,100
none,senior-heavy-delivery,67,1571287,completed,100,0,45,193500.0,False,False,35,20,45,100
none,senior-heavy-delivery,68,1571288,completed,100,0,40,172000.0,False,False,35,20,45,100
none,senior-heavy-delivery,69,1571289,completed,100,0,45,193500.0,False,False,35,20,45,100
none,senior-heavy-delivery,70,1571290,completed,100,0,45,193500.0,False,False,35,20,45,100
none,senior-heavy-delivery,71,1571291,completed,100,0,55,236500.0,False,True,35,20,45,100
none,senior-heavy-delivery,72,1571292,completed,100,0,70,301000.0,True,True,35,20,19,74
none,senior-heavy-delivery,73,1571293,completed,100,0,65,279500.0,True,True,35,20,30,85
none,senior-heavy-delivery,74,1571294,completed,100,0,60,258000.0,True,True,35,20,39,94
none,senior-heavy-delivery,75,1571295,completed,100,0,55,236500.0,False,True,35,20,45,100
none,senior-heavy-delivery,76,1571296,completed,100,0,50,215000.0,False,True,35,20,45,100
none,senior-heavy-delivery,77,1571297,completed,100,0,45,193500.0,False,False,35,20,45,100
none,senior-heavy-delivery,78,1571298,completed,100,0,45,193500.0,False,False,35,20,45,100
none,senior-heavy-delivery,79,1571299,completed,100,0,45,193500.0,False,False,35,20,45,100
none,senior-heavy-delivery,80,1571300,completed,100,0,50,215000.0,False,True,35,20,45,100
none,senior-heavy-delivery,81,1571301,completed,100,0,45,193500.0,False,False,35,20,45,100
none,senior-heavy-delivery,82,1571302,completed,100,0,45,193500.0,False,False,35,20,45,100
none,senior-heavy-delivery,83,1571303,completed,100,0,50,215000.0,False,True,35,20,45,100
none,senior-heavy-delivery,84,1571304,completed,100,0,45,193500.0,False,False,35,20,45,100
none,senior-heavy-delivery,85,1571305,completed,100,0,50,215000.0,False,True,35,20,45,100
none,senior-heavy-delivery,86,1571306,completed,100,0,55,236500.0,False,True,35,20,45,100
none,senior-heavy-delivery,87,1571307,completed,100,0,60,258000.0,True,True,35,20,39,94
none,senior-heavy-delivery,88,1571308,completed,100,0,55,236500.0,False,True,35,20,45,100
none,senior-heavy-delivery,89,1571309,completed,100,0,50,215000.0,False,True,35,20,45,100
none,senior-heavy-delivery,90,1571310,completed,100,0,50,215000.0,False,True,35,20,45,100
none,senior-heavy-delivery,91,1571311,completed,100,0,45,193500.0,False,False,35,20,45,100
none,senior-heavy-delivery,92,1571312,completed,100,0,60,258000.0,True,True,35,20,39,94
none,senior-heavy-delivery,93,1571313,completed,100,0,50,215000.0,False,True,35,20,45,100
none,senior-heavy-delivery,94,1571314,completed,100,0,45,193500.0,False,False,35,20,45,100
none,senior-heavy-delivery,95,1571315,completed,100,0,45,193500.0,False,False,35,20,45,100
none,senior-heavy-delivery,96,1571316,completed,100,0,40,172000.0,False,False,35,20,45,100
none,senior-heavy-delivery,97,1571317,completed,100,0,60,258000.0,True,True,35,20,39,94
none,senior-heavy-delivery,98,1571318,completed,100,0,60,258000.0,True,True,35,20,39,94
none,senior-heavy-delivery,99,1571319,completed,100,0,60,258000.0,True,True,35,20,39,94
none,senior-heavy-delivery,100,1571320,completed,100,0,55,236500.0,False,True,35,20,45,100
none,senior-heavy-delivery,101,1571321,completed,100,0,50,215000.0,False,True,35,20,45,100
none,senior-heavy-delivery,102,1571322,completed,100,0,60,258000.0,True,True,35,20,39,94
none,senior-heavy-delivery,103,1571323,completed,100,0,55,236500.0,False,True,35,20,45,100
none,senior-heavy-delivery,104,1571324,completed,100,0,45,193500.0,False,False,35,20,45,100
none,senior-heavy-delivery,105,1571325,completed,100,0,45,193500.0,False,False,35,20,45,100
none,senior-heavy-delivery,106,1571326,completed,100,0,55,236500.0,False,True,35,20,45,100
none,senior-heavy-delivery,107,1571327,completed,100,0,50,215000.0,False,True,35,20,45,100
none,senior-heavy-delivery,108,1571328,completed,100,0,55,236500.0,False,True,35,20,45,100
none,senior-heavy-delivery,109,1571329,completed,100,0,50,215000.0,False,True,35,20,45,100
none,senior-heavy-delivery,110,1571330,completed,100,0,40,172000.0,False,False,35,20,45,100
none,senior-heavy-delivery,111,1571331,completed,100,0,55,236500.0,False,True,35,20,45,100
none,senior-heavy-delivery,112,1571332,completed,100,0,50,215000.0,False,True,35,20,45,100
none,senior-heavy-delivery,113,1571333,completed,100,0,55,236500.0,False,True,35,20,45,100
none,senior-heavy-delivery,114,1571334,completed,100,0,50,215000.0,False,True,35,20,45,100
none,senior-heavy-delivery,115,1571335,completed,100,0,60,258000.0,True,True,35,20,39,94
none,senior-heavy-delivery,116,1571336,completed,100,0,50,215000.0,False,True,35,20,45,100
none,senior-heavy-delivery,117,1571337,completed,100,0,55,236500.0,False,True,35,20,45,100
none,senior-heavy-delivery,118,1571338,completed,100,0,50,215000.0,False,True,35,20,45,100
none,senior-heavy-delivery,119,1571339,completed,100,0,45,193500.0,False,False,35,20,45,100
none,senior-heavy-delivery,120,1571340,completed,100,0,45,193500.0,False,False,35,20,45,100
none,senior-heavy-delivery,121,1571341,completed,100,0,50,215000.0,False,True,35,20,45,100
none,senior-heavy-delivery,122,1571342,completed,100,0,45,193500.0,False,False,35,20,45,100
none,senior-heavy-delivery,123,1571343,completed,100,0,50,215000.0,False,True,35,20,45,100
none,senior-heavy-delivery,124,1571344,completed,100,0,50,215000.0,False,True,35,20,45,100
none,senior-heavy-delivery,125,1571345,completed,100,0,50,215000.0,False,True,35,20,45,100
none,senior-heavy-delivery,126,1571346,completed,100,0,40,172000.0,False,False,35,20,45,100
none,senior-heavy-delivery,127,1571347,completed,100,0,50,215000.0,False,True,35,20,45,100
none,senior-heavy-delivery,128,1571348,completed,100,0,55,236500.0,False,True,35,20,45,100
none,senior-heavy-delivery,129,1571349,completed,100,0,50,215000.0,False,True,35,20,45,100
none,senior-heavy-delivery,130,1571350,completed,100,0,50,215000.0,False,True,35,20,45,100
none,senior-heavy-delivery,131,1571351,completed,100,0,55,236500.0,False,True,35,20,45,100
none,senior-heavy-delivery,132,1571352,completed,100,0,50,215000.0,False,True,35,20,45,100
none,senior-heavy-delivery,133,1571353,completed,100,0,50,215000.0,False,True,35,20,45,100
none,senior-heavy-delivery,134,1571354,completed,100,0,55,236500.0,False,True,35,20,45,100
none,senior-heavy-delivery,135,1571355,completed,100,0,50,215000.0,False,True,35,20,45,100
none,senior-heavy-delivery,136,1571356,completed,100,0,45,193500.0,False,False,35,20,45,100
none,senior-heavy-delivery,137,1571357,completed,100,0,45,193500.0,False,False,35,20,45,100
none,senior-heavy-delivery,138,1571358,completed,100,0,45,193500.0,False,False,35,20,45,100
none,senior-heavy-delivery,139,1571359,completed,100,0,50,215000.0,False,True,35,20,45,100
none,senior-heavy-delivery,140,1571360,completed,100,0,55,236500.0,False,True,35,20,45,100
none,senior-heavy-delivery,141,1571361,completed,100,0,50,215000.0,False,True,35,20,45,100
none,senior-heavy-delivery,142,1571362,completed,100,0,50,215000.0,False,True,35,20,45,100
none,senior-heavy-delivery,143,1571363,completed,100,0,45,193500.0,False,False,35,20,45,100
none,senior-heavy-delivery,144,1571364,completed,100,0,55,236500.0,False,True,35,20,45,100
none,senior-heavy-delivery,145,1571365,completed,100,0,50,215000.0,False,True,35,20,45,100
none,senior-heavy-delivery,146,1571366,completed,100,0,50,215000.0,False,True,35,20,45,100
none,senior-heavy-delivery,147,1571367,completed,100,0,50,215000.0,False,True,35,20,45,100
none,senior-heavy-delivery,148,1571368,completed,100,0,50,215000.0,False,True,35,20,45,100
none,senior-heavy-delivery,149,1571369,completed,100,0,45,193500.0,False,False,35,20,45,100
none,senior-heavy-delivery,150,1571370,completed,100,0,55,236500.0,False,True,35,20,45,100
none,senior-heavy-delivery,151,1571371,completed,100,0,60,258000.0,True,True,35,20,39,94
none,senior-heavy-delivery,152,1571372,completed,100,0,60,258000.0,True,True,35,20,39,94
none,senior-heavy-delivery,153,1571373,completed,100,0,55,236500.0,False,True,35,20,45,100
none,senior-heavy-delivery,154,1571374,completed,100,0,50,215000.0,False,True,35,20,45,100
none,senior-heavy-delivery,155,1571375,completed,100,0,45,193500.0,False,False,35,20,45,100
none,senior-heavy-delivery,156,1571376,completed,100,0,45,193500.0,False,False,35,20,45,100
none,senior-heavy-delivery,157,1571377,completed,100,0,50,215000.0,False,True,35,20,45,100
none,senior-heavy-delivery,158,1571378,completed,100,0,50,215000.0,False,True,35,20,45,100
none,senior-heavy-delivery,159,1571379,completed,100,0,45,193500.0,False,False,35,20,45,100
none,senior-heavy-delivery,160,1571380,completed,100,0,45,193500.0,False,False,35,20,45,100
none,senior-heavy-delivery,161,1571381,completed,100,0,50,215000.0,False,True,35,20,45,100
none,senior-heavy-delivery,162,1571382,completed,100,0,55,236500.0,False,True,35,20,45,100
none,senior-heavy-delivery,163,1571383,completed,100,0,55,236500.0,False,True,35,20,45,100
none,senior-heavy-delivery,164,1571384,completed,100,0,45,193500.0,False,False,35,20,45,100
none,senior-heavy-delivery,165,1571385,completed,100,0,45,193500.0,False,False,35,20,45,100
none,senior-heavy-delivery,166,1571386,completed,100,0,50,215000.0,False,True,35,20,45,100
none,senior-heavy-delivery,167,1571387,completed,100,0,60,258000.0,True,True,35,20,39,94
none,senior-heavy-delivery,168,1571388,completed,100,0,45,193500.0,False,False,35,20,45,100
none,senior-heavy-delivery,169,1571389,completed,100,0,45,193500.0,False,False,35,20,45,100
none,senior-heavy-delivery,170,1571390,completed,100,0,60,258000.0,True,True,35,20,39,94
none,senior-heavy-delivery,171,1571391,completed,100,0,55,236500.0,False,True,35,20,45,100
none,senior-heavy-delivery,172,1571392,completed,100,0,55,236500.0,False,True,35,20,45,100
none,senior-heavy-delivery,173,1571393,completed,100,0,50,215000.0,False,True,35,20,45,100
none,senior-heavy-delivery,174,1571394,completed,100,0,45,193500.0,False,False,35,20,45,100
none,senior-heavy-delivery,175,1571395,completed,100,0,60,258000.0,True,True,35,20,39,94
none,senior-heavy-delivery,176,1571396,completed,100,0,55,236500.0,False,True,35,20,45,100
none,senior-heavy-delivery,177,1571397,completed,100,0,50,215000.0,False,True,35,20,45,100
none,senior-heavy-delivery,178,1571398,completed,100,0,45,193500.0,False,False,35,20,45,100
none,senior-heavy-delivery,179,1571399,completed,100,0,40,172000.0,False,False,35,20,45,100
none,senior-heavy-delivery,180,1571400,completed,100,0,50,215000.0,False,True,35,20,45,100
none,senior-heavy-delivery,181,1571401,completed,100,0,50,215000.0,False,True,35,20,45,100
none,senior-heavy-delivery,182,1571402,completed,100,0,45,193500.0,False,False,35,20,45,100
none,senior-heavy-delivery,183,1571403,completed,100,0,50,215000.0,False,True,35,20,45,100
none,senior-heavy-delivery,184,1571404,completed,100,0,55,236500.0,False,True,35,20,45,100
none,senior-heavy-delivery,185,1571405,completed,100,0,50,215000.0,False,True,35,20,45,100
none,senior-heavy-delivery,186,1571406,completed,100,0,60,258000.0,True,True,35,20,39,94
none,senior-heavy-delivery,187,1571407,completed,100,0,50,215000.0,False,True,35,20,45,100
none,senior-heavy-delivery,188,1571408,completed,100,0,55,236500.0,False,True,35,20,45,100
none,senior-heavy-delivery,189,1571409,completed,100,0,50,215000.0,False,True,35,20,45,100
none,senior-heavy-delivery,190,1571410,completed,100,0,50,215000.0,False,True,35,20,45,100
none,senior-heavy-delivery,191,1571411,completed,100,0,50,215000.0,False,True,35,20,45,100
none,senior-heavy-delivery,192,1571412,completed,100,0,55,236500.0,False,True,35,20,45,100
none,senior-heavy-delivery,193,1571413,completed,100,0,50,215000.0,False,True,35,20,45,100
none,senior-heavy-delivery,194,1571414,completed,100,0,50,215000.0,False,True,35,20,45,100
none,senior-heavy-delivery,195,1571415,completed,100,0,60,258000.0,True,True,35,20,39,94
none,senior-heavy-delivery,196,1571416,completed,100,0,50,215000.0,False,True,35,20,45,100
none,senior-heavy-delivery,197,1571417,completed,100,0,45,193500.0,False,False,35,20,45,100
none,senior-heavy-delivery,198,1571418,completed,100,0,50,215000.0,False,True,35,20,45,100
none,senior-heavy-delivery,199,1571419,completed,100,0,55,236500.0,False,True,35,20,45,100
none,specialist-balanced-staffing,0,1571220,completed,100,0,70,212100.0,False,True,35,20,45,100
none,specialist-balanced-staffing,1,1571221,deadline_reached,99,1,70,212100.0,False,True,34,20,45,99
none,specialist-balanced-staffing,2,1571222,deadline_reached,99,1,70,212100.0,False,True,34,20,45,99
none,specialist-balanced-staffing,3,1571223,deadline_reached,98,2,70,212100.0,False,True,33,20,45,98
none,specialist-balanced-staffing,4,1571224,deadline_reached,99,1,70,212100.0,False,True,34,20,45,99
none,specialist-balanced-staffing,5,1571225,completed,100,0,65,196950.0,False,False,35,20,45,100
none,specialist-balanced-staffing,6,1571226,completed,100,0,70,212100.0,False,True,35,20,45,100
none,specialist-balanced-staffing,7,1571227,completed,100,0,65,196950.0,False,False,35,20,45,100
none,specialist-balanced-staffing,8,1571228,deadline_reached,99,1,70,212100.0,False,True,34,20,45,99
none,specialist-balanced-staffing,9,1571229,completed,100,0,70,212100.0,False,True,35,20,45,100
none,specialist-balanced-staffing,10,1571230,completed,100,0,65,196950.0,False,False,35,20,45,100
none,specialist-balanced-staffing,11,1571231,deadline_reached,99,1,70,212100.0,False,True,34,20,45,99
none,specialist-balanced-staffing,12,1571232,completed,100,0,70,212100.0,False,True,35,20,45,100
none,specialist-balanced-staffing,13,1571233,deadline_reached,99,1,70,212100.0,False,True,34,20,45,99
none,specialist-balanced-staffing,14,1571234,deadline_reached,99,1,70,212100.0,False,True,34,20,45,99
none,specialist-balanced-staffing,15,1571235,completed,100,0,65,196950.0,False,False,35,20,45,100
none,specialist-balanced-staffing,16,1571236,completed,100,0,60,181800.0,False,False,35,20,45,100
none,specialist-balanced-staffing,17,1571237,completed,100,0,65,196950.0,False,False,35,20,45,100
none,specialist-balanced-staffing,18,1571238,completed,100,0,60,181800.0,False,False,35,20,45,100
none,specialist-balanced-staffing,19,1571239,deadline_reached,99,1,70,212100.0,False,True,34,20,45,99
none,specialist-balanced-staffing,20,1571240,completed,100,0,70,212100.0,False,True,35,20,45,100
none,specialist-balanced-staffing,21,1571241,completed,100,0,65,196950.0,False,False,35,20,45,100
none,specialist-balanced-staffing,22,1571242,deadline_reached,99,1,70,212100.0,False,True,34,20,45,99
none,specialist-balanced-staffing,23,1571243,completed,100,0,50,151500.0,False,False,35,20,45,100
none,specialist-balanced-staffing,24,1571244,completed,100,0,65,196950.0,False,False,35,20,45,100
none,specialist-balanced-staffing,25,1571245,deadline_reached,98,2,70,212100.0,False,True,33,20,45,98
none,specialist-balanced-staffing,26,1571246,deadline_reached,98,2,70,212100.0,False,True,33,20,45,98
none,specialist-balanced-staffing,27,1571247,deadline_reached,99,1,70,212100.0,False,True,34,20,45,99
none,specialist-balanced-staffing,28,1571248,completed,100,0,70,212100.0,False,True,35,20,45,100
none,specialist-balanced-staffing,29,1571249,deadline_reached,97,3,70,212100.0,False,True,33,20,45,98
none,specialist-balanced-staffing,30,1571250,completed,100,0,70,212100.0,False,True,35,20,45,100
none,specialist-balanced-staffing,31,1571251,deadline_reached,99,1,70,212100.0,False,True,34,20,45,99
none,specialist-balanced-staffing,32,1571252,deadline_reached,99,1,70,212100.0,False,True,34,20,45,99
none,specialist-balanced-staffing,33,1571253,completed,100,0,70,212100.0,False,True,35,20,45,100
none,specialist-balanced-staffing,34,1571254,completed,100,0,70,212100.0,False,True,35,20,45,100
none,specialist-balanced-staffing,35,1571255,completed,100,0,60,181800.0,False,False,35,20,45,100
none,specialist-balanced-staffing,36,1571256,completed,100,0,65,196950.0,False,False,35,20,45,100
none,specialist-balanced-staffing,37,1571257,completed,100,0,60,181800.0,False,False,35,20,45,100
none,specialist-balanced-staffing,38,1571258,completed,100,0,60,181800.0,False,False,35,20,45,100
none,specialist-balanced-staffing,39,1571259,completed,100,0,65,196950.0,False,False,35,20,45,100
none,specialist-balanced-staffing,40,1571260,deadline_reached,98,2,70,212100.0,False,True,33,20,45,98
none,specialist-balanced-staffing,41,1571261,deadline_reached,98,2,70,212100.0,False,True,33,20,45,98
none,specialist-balanced-staffing,42,1571262,completed,100,0,70,212100.0,False,True,35,20,45,100
none,specialist-balanced-staffing,43,1571263,deadline_reached,99,1,70,212100.0,False,True,34,20,45,99
none,specialist-balanced-staffing,44,1571264,completed,100,0,70,212100.0,False,True,35,20,45,100
none,specialist-balanced-staffing,45,1571265,completed,100,0,65,196950.0,False,False,35,20,45,100
none,specialist-balanced-staffing,46,1571266,completed,100,0,70,212100.0,False,True,35,20,45,100
none,specialist-balanced-staffing,47,1571267,completed,100,0,65,196950.0,False,False,35,20,45,100
none,specialist-balanced-staffing,48,1571268,completed,100,0,60,181800.0,False,False,35,20,45,100
none,specialist-balanced-staffing,49,1571269,completed,100,0,60,181800.0,False,False,35,20,45,100
none,specialist-balanced-staffing,50,1571270,completed,100,0,65,196950.0,False,False,35,20,45,100
none,specialist-balanced-staffing,51,1571271,deadline_reached,99,1,70,212100.0,False,True,34,20,45,99
none,specialist-balanced-staffing,52,1571272,completed,100,0,65,196950.0,False,False,35,20,45,100
none,specialist-balanced-staffing,53,1571273,deadline_reached,99,1,70,212100.0,False,True,34,20,45,99
none,specialist-balanced-staffing,54,1571274,deadline_reached,99,1,70,212100.0,False,True,34,20,45,99
none,specialist-balanced-staffing,55,1571275,completed,100,0,65,196950.0,False,False,35,20,45,100
none,specialist-balanced-staffing,56,1571276,completed,100,0,60,181800.0,False,False,35,20,45,100
none,specialist-balanced-staffing,57,1571277,deadline_reached,99,1,70,212100.0,False,True,34,20,45,99
none,specialist-balanced-staffing,58,1571278,deadline_reached,99,1,70,212100.0,False,True,34,20,45,99
none,specialist-balanced-staffing,59,1571279,deadline_reached,99,1,70,212100.0,False,True,34,20,45,99
none,specialist-balanced-staffing,60,1571280,completed,100,0,70,212100.0,False,True,35,20,45,100
none,specialist-balanced-staffing,61,1571281,completed,100,0,65,196950.0,False,False,35,20,45,100
none,specialist-balanced-staffing,62,1571282,completed,100,0,60,181800.0,False,False,35,20,45,100
none,specialist-balanced-staffing,63,1571283,completed,100,0,60,181800.0,False,False,35,20,45,100
none,specialist-balanced-staffing,64,1571284,completed,100,0,60,181800.0,False,False,35,20,45,100
none,specialist-balanced-staffing,65,1571285,completed,100,0,60,181800.0,False,False,35,20,45,100
none,specialist-balanced-staffing,66,1571286,completed,100,0,60,181800.0,False,False,35,20,45,100
none,specialist-balanced-staffing,67,1571287,completed,100,0,70,212100.0,False,True,35,20,45,100
none,specialist-balanced-staffing,68,1571288,completed,100,0,55,166650.0,False,False,35,20,45,100
none,specialist-balanced-staffing,69,1571289,deadline_reached,99,1,70,212100.0,False,True,34,20,45,99
none,specialist-balanced-staffing,70,1571290,deadline_reached,99,1,70,212100.0,False,True,34,20,45,99
none,specialist-balanced-staffing,71,1571291,completed,100,0,70,212100.0,False,True,35,20,45,100
none,specialist-balanced-staffing,72,1571292,completed,100,0,70,212100.0,False,True,35,20,45,100
none,specialist-balanced-staffing,73,1571293,completed,100,0,60,181800.0,False,False,35,20,45,100
none,specialist-balanced-staffing,74,1571294,completed,100,0,60,181800.0,False,False,35,20,45,100
none,specialist-balanced-staffing,75,1571295,deadline_reached,99,1,70,212100.0,False,True,34,20,45,99
none,specialist-balanced-staffing,76,1571296,completed,100,0,70,212100.0,False,True,35,20,45,100
none,specialist-balanced-staffing,77,1571297,completed,100,0,65,196950.0,False,False,35,20,45,100
none,specialist-balanced-staffing,78,1571298,completed,100,0,60,181800.0,False,False,35,20,45,100
none,specialist-balanced-staffing,79,1571299,completed,100,0,55,166650.0,False,False,35,20,45,100
none,specialist-balanced-staffing,80,1571300,completed,100,0,65,196950.0,False,False,35,20,45,100
none,specialist-balanced-staffing,81,1571301,deadline_reached,99,1,70,212100.0,False,True,34,20,45,99
none,specialist-balanced-staffing,82,1571302,completed,100,0,70,212100.0,False,True,35,20,45,100
none,specialist-balanced-staffing,83,1571303,completed,100,0,65,196950.0,False,False,35,20,45,100
none,specialist-balanced-staffing,84,1571304,deadline_reached,99,1,70,212100.0,False,True,34,20,45,99
none,specialist-balanced-staffing,85,1571305,completed,100,0,70,212100.0,False,True,35,20,45,100
none,specialist-balanced-staffing,86,1571306,completed,100,0,65,196950.0,False,False,35,20,45,100
none,specialist-balanced-staffing,87,1571307,deadline_reached,99,1,70,212100.0,False,True,34,20,45,99
none,specialist-balanced-staffing,88,1571308,completed,100,0,60,181800.0,False,False,35,20,45,100
none,specialist-balanced-staffing,89,1571309,deadline_reached,99,1,70,212100.0,False,True,34,20,45,99
none,specialist-balanced-staffing,90,1571310,completed,100,0,70,212100.0,False,True,35,20,45,100
none,specialist-balanced-staffing,91,1571311,completed,100,0,60,181800.0,False,False,35,20,45,100
none,specialist-balanced-staffing,92,1571312,completed,100,0,60,181800.0,False,False,35,20,45,100
none,specialist-balanced-staffing,93,1571313,completed,100,0,55,166650.0,False,False,35,20,45,100
none,specialist-balanced-staffing,94,1571314,completed,100,0,50,151500.0,False,False,35,20,45,100
none,specialist-balanced-staffing,95,1571315,completed,100,0,70,212100.0,False,True,35,20,45,100
none,specialist-balanced-staffing,96,1571316,completed,100,0,65,196950.0,False,False,35,20,45,100
none,specialist-balanced-staffing,97,1571317,completed,100,0,70,212100.0,False,True,35,20,45,100
none,specialist-balanced-staffing,98,1571318,completed,100,0,65,196950.0,False,False,35,20,45,100
none,specialist-balanced-staffing,99,1571319,completed,100,0,60,181800.0,False,False,35,20,45,100
none,specialist-balanced-staffing,100,1571320,completed,100,0,70,212100.0,False,True,35,20,45,100
none,specialist-balanced-staffing,101,1571321,completed,100,0,60,181800.0,False,False,35,20,45,100
none,specialist-balanced-staffing,102,1571322,deadline_reached,99,1,70,212100.0,False,True,34,20,45,99
none,specialist-balanced-staffing,103,1571323,completed,100,0,70,212100.0,False,True,35,20,45,100
none,specialist-balanced-staffing,104,1571324,completed,100,0,65,196950.0,False,False,35,20,45,100
none,specialist-balanced-staffing,105,1571325,completed,100,0,65,196950.0,False,False,35,20,45,100
none,specialist-balanced-staffing,106,1571326,completed,100,0,70,212100.0,False,True,35,20,45,100
none,specialist-balanced-staffing,107,1571327,deadline_reached,99,1,70,212100.0,False,True,34,20,45,99
none,specialist-balanced-staffing,108,1571328,completed,100,0,70,212100.0,False,True,35,20,45,100
none,specialist-balanced-staffing,109,1571329,completed,100,0,65,196950.0,False,False,35,20,45,100
none,specialist-balanced-staffing,110,1571330,completed,100,0,65,196950.0,False,False,35,20,45,100
none,specialist-balanced-staffing,111,1571331,deadline_reached,99,1,70,212100.0,False,True,34,20,45,99
none,specialist-balanced-staffing,112,1571332,completed,100,0,70,212100.0,False,True,35,20,45,100
none,specialist-balanced-staffing,113,1571333,deadline_reached,99,1,70,212100.0,False,True,34,20,45,99
none,specialist-balanced-staffing,114,1571334,deadline_reached,96,4,70,212100.0,False,True,32,20,45,97
none,specialist-balanced-staffing,115,1571335,completed,100,0,70,212100.0,False,True,35,20,45,100
none,specialist-balanced-staffing,116,1571336,completed,100,0,65,196950.0,False,False,35,20,45,100
none,specialist-balanced-staffing,117,1571337,deadline_reached,99,1,70,212100.0,False,True,34,20,45,99
none,specialist-balanced-staffing,118,1571338,completed,100,0,70,212100.0,False,True,35,20,45,100
none,specialist-balanced-staffing,119,1571339,completed,100,0,70,212100.0,False,True,35,20,45,100
none,specialist-balanced-staffing,120,1571340,completed,100,0,70,212100.0,False,True,35,20,45,100
none,specialist-balanced-staffing,121,1571341,deadline_reached,96,4,70,212100.0,False,True,32,20,45,97
none,specialist-balanced-staffing,122,1571342,completed,100,0,65,196950.0,False,False,35,20,45,100
none,specialist-balanced-staffing,123,1571343,deadline_reached,97,3,70,212100.0,False,True,33,20,45,98
none,specialist-balanced-staffing,124,1571344,deadline_reached,98,2,70,212100.0,False,True,33,20,45,98
none,specialist-balanced-staffing,125,1571345,deadline_reached,99,1,70,212100.0,False,True,34,20,45,99
none,specialist-balanced-staffing,126,1571346,deadline_reached,96,4,70,212100.0,False,True,32,20,45,97
none,specialist-balanced-staffing,127,1571347,deadline_reached,98,2,70,212100.0,False,True,33,20,45,98
none,specialist-balanced-staffing,128,1571348,deadline_reached,98,2,70,212100.0,False,True,33,20,45,98
none,specialist-balanced-staffing,129,1571349,completed,100,0,70,212100.0,False,True,35,20,45,100
none,specialist-balanced-staffing,130,1571350,deadline_reached,99,1,70,212100.0,False,True,34,20,45,99
none,specialist-balanced-staffing,131,1571351,completed,100,0,70,212100.0,False,True,35,20,45,100
none,specialist-balanced-staffing,132,1571352,deadline_reached,99,1,70,212100.0,False,True,34,20,45,99
none,specialist-balanced-staffing,133,1571353,deadline_reached,99,1,70,212100.0,False,True,34,20,45,99
none,specialist-balanced-staffing,134,1571354,completed,100,0,70,212100.0,False,True,35,20,45,100
none,specialist-balanced-staffing,135,1571355,completed,100,0,65,196950.0,False,False,35,20,45,100
none,specialist-balanced-staffing,136,1571356,completed,100,0,70,212100.0,False,True,35,20,45,100
none,specialist-balanced-staffing,137,1571357,completed,100,0,70,212100.0,False,True,35,20,45,100
none,specialist-balanced-staffing,138,1571358,completed,100,0,60,181800.0,False,False,35,20,45,100
none,specialist-balanced-staffing,139,1571359,deadline_reached,99,1,70,212100.0,False,True,34,20,45,99
none,specialist-balanced-staffing,140,1571360,completed,100,0,70,212100.0,False,True,35,20,45,100
none,specialist-balanced-staffing,141,1571361,deadline_reached,97,3,70,212100.0,False,True,33,20,45,98
none,specialist-balanced-staffing,142,1571362,deadline_reached,99,1,70,212100.0,False,True,34,20,45,99
none,specialist-balanced-staffing,143,1571363,deadline_reached,99,1,70,212100.0,False,True,34,20,45,99
none,specialist-balanced-staffing,144,1571364,deadline_reached,99,1,70,212100.0,False,True,34,20,45,99
none,specialist-balanced-staffing,145,1571365,completed,100,0,70,212100.0,False,True,35,20,45,100
none,specialist-balanced-staffing,146,1571366,completed,100,0,65,196950.0,False,False,35,20,45,100
none,specialist-balanced-staffing,147,1571367,deadline_reached,98,2,70,212100.0,False,True,33,20,45,98
none,specialist-balanced-staffing,148,1571368,deadline_reached,99,1,70,212100.0,False,True,34,20,45,99
none,specialist-balanced-staffing,149,1571369,completed,100,0,70,212100.0,False,True,35,20,45,100
none,specialist-balanced-staffing,150,1571370,completed,100,0,70,212100.0,False,True,35,20,45,100
none,specialist-balanced-staffing,151,1571371,completed,100,0,65,196950.0,False,False,35,20,45,100
none,specialist-balanced-staffing,152,1571372,completed,100,0,60,181800.0,False,False,35,20,45,100
none,specialist-balanced-staffing,153,1571373,completed,100,0,65,196950.0,False,False,35,20,45,100
none,specialist-balanced-staffing,154,1571374,completed,100,0,65,196950.0,False,False,35,20,45,100
none,specialist-balanced-staffing,155,1571375,completed,100,0,60,181800.0,False,False,35,20,45,100
none,specialist-balanced-staffing,156,1571376,deadline_reached,96,4,70,212100.0,False,True,32,20,45,97
none,specialist-balanced-staffing,157,1571377,deadline_reached,99,1,70,212100.0,False,True,34,20,45,99
none,specialist-balanced-staffing,158,1571378,deadline_reached,96,4,70,212100.0,False,True,32,20,45,97
none,specialist-balanced-staffing,159,1571379,deadline_reached,99,1,70,212100.0,False,True,34,20,45,99
none,specialist-balanced-staffing,160,1571380,deadline_reached,99,1,70,212100.0,False,True,34,20,45,99
none,specialist-balanced-staffing,161,1571381,completed,100,0,60,181800.0,False,False,35,20,45,100
none,specialist-balanced-staffing,162,1571382,completed,100,0,65,196950.0,False,False,35,20,45,100
none,specialist-balanced-staffing,163,1571383,completed,100,0,65,196950.0,False,False,35,20,45,100
none,specialist-balanced-staffing,164,1571384,completed,100,0,70,212100.0,False,True,35,20,45,100
none,specialist-balanced-staffing,165,1571385,completed,100,0,70,212100.0,False,True,35,20,45,100
none,specialist-balanced-staffing,166,1571386,deadline_reached,99,1,70,212100.0,False,True,34,20,45,99
none,specialist-balanced-staffing,167,1571387,deadline_reached,98,2,70,212100.0,False,True,33,20,45,98
none,specialist-balanced-staffing,168,1571388,completed,100,0,70,212100.0,False,True,35,20,45,100
none,specialist-balanced-staffing,169,1571389,deadline_reached,99,1,70,212100.0,False,True,34,20,45,99
none,specialist-balanced-staffing,170,1571390,completed,100,0,70,212100.0,False,True,35,20,45,100
none,specialist-balanced-staffing,171,1571391,completed,100,0,60,181800.0,False,False,35,20,45,100
none,specialist-balanced-staffing,172,1571392,deadline_reached,99,1,70,212100.0,False,True,34,20,45,99
none,specialist-balanced-staffing,173,1571393,completed,100,0,65,196950.0,False,False,35,20,45,100
none,specialist-balanced-staffing,174,1571394,deadline_reached,99,1,70,212100.0,False,True,34,20,45,99
none,specialist-balanced-staffing,175,1571395,completed,100,0,60,181800.0,False,False,35,20,45,100
none,specialist-balanced-staffing,176,1571396,completed,100,0,55,166650.0,False,False,35,20,45,100
none,specialist-balanced-staffing,177,1571397,deadline_reached,99,1,70,212100.0,False,True,34,20,45,99
none,specialist-balanced-staffing,178,1571398,deadline_reached,99,1,70,212100.0,False,True,34,20,45,99
none,specialist-balanced-staffing,179,1571399,deadline_reached,99,1,70,212100.0,False,True,34,20,45,99
none,specialist-balanced-staffing,180,1571400,completed,100,0,70,212100.0,False,True,35,20,45,100
none,specialist-balanced-staffing,181,1571401,completed,100,0,65,196950.0,False,False,35,20,45,100
none,specialist-balanced-staffing,182,1571402,completed,100,0,60,181800.0,False,False,35,20,45,100
none,specialist-balanced-staffing,183,1571403,deadline_reached,99,1,70,212100.0,False,True,34,20,45,99
none,specialist-balanced-staffing,184,1571404,completed,100,0,65,196950.0,False,False,35,20,45,100
none,specialist-balanced-staffing,185,1571405,completed,100,0,60,181800.0,False,False,35,20,45,100
none,specialist-balanced-staffing,186,1571406,completed,100,0,60,181800.0,False,False,35,20,45,100
none,specialist-balanced-staffing,187,1571407,completed,100,0,55,166650.0,False,False,35,20,45,100
none,specialist-balanced-staffing,188,1571408,deadline_reached,98,2,70,212100.0,False,True,33,20,45,98
none,specialist-balanced-staffing,189,1571409,completed,100,0,60,181800.0,False,False,35,20,45,100
none,specialist-balanced-staffing,190,1571410,deadline_reached,99,1,70,212100.0,False,True,34,20,45,99
none,specialist-balanced-staffing,191,1571411,deadline_reached,99,1,70,212100.0,False,True,34,20,45,99
none,specialist-balanced-staffing,192,1571412,deadline_reached,99,1,70,212100.0,False,True,34,20,45,99
none,specialist-balanced-staffing,193,1571413,completed,100,0,65,196950.0,False,False,35,20,45,100
none,specialist-balanced-staffing,194,1571414,deadline_reached,98,2,70,212100.0,False,True,33,20,45,98
none,specialist-balanced-staffing,195,1571415,deadline_reached,99,1,70,212100.0,False,True,34,20,45,99
none,specialist-balanced-staffing,196,1571416,deadline_reached,99,1,70,212100.0,False,True,34,20,45,99
none,specialist-balanced-staffing,197,1571417,completed,100,0,70,212100.0,False,True,35,20,45,100
none,specialist-balanced-staffing,198,1571418,deadline_reached,99,1,70,212100.0,False,True,34,20,45,99
none,specialist-balanced-staffing,199,1571419,completed,100,0,60,181800.0,False,False,35,20,45,100
none,development-first-allocation,0,1571220,deadline_reached,93,7,70,202300.0,False,False,31,20,45,96
none,development-first-allocation,1,1571221,deadline_reached,96,4,70,202300.0,False,False,32,20,45,97
none,development-first-allocation,2,1571222,deadline_reached,93,7,70,202300.0,False,False,31,20,45,96
none,development-first-allocation,3,1571223,deadline_reached,86,14,70,202300.0,False,False,27,20,45,92
none,development-first-allocation,4,1571224,deadline_reached,86,14,70,202300.0,False,False,27,20,45,92
none,development-first-allocation,5,1571225,deadline_reached,89,11,70,202300.0,False,False,29,20,45,94
none,development-first-allocation,6,1571226,deadline_reached,84,16,70,202300.0,False,False,26,20,45,91
none,development-first-allocation,7,1571227,deadline_reached,84,16,70,202300.0,False,False,26,20,45,91
none,development-first-allocation,8,1571228,deadline_reached,90,10,70,202300.0,False,False,29,20,45,94
none,development-first-allocation,9,1571229,deadline_reached,89,11,70,202300.0,False,False,29,20,45,94
none,development-first-allocation,10,1571230,deadline_reached,89,11,70,202300.0,False,False,29,20,45,94
none,development-first-allocation,11,1571231,deadline_reached,87,13,70,202300.0,False,False,28,20,45,93
none,development-first-allocation,12,1571232,deadline_reached,84,16,70,202300.0,False,False,26,20,45,91
none,development-first-allocation,13,1571233,deadline_reached,88,12,70,202300.0,False,False,28,20,45,93
none,development-first-allocation,14,1571234,deadline_reached,84,16,70,202300.0,False,False,26,20,45,91
none,development-first-allocation,15,1571235,deadline_reached,87,13,70,202300.0,False,False,28,20,45,93
none,development-first-allocation,16,1571236,deadline_reached,87,13,70,202300.0,False,False,28,20,45,93
none,development-first-allocation,17,1571237,deadline_reached,91,9,70,202300.0,False,False,30,20,45,95
none,development-first-allocation,18,1571238,deadline_reached,92,8,70,202300.0,False,False,30,20,45,95
none,development-first-allocation,19,1571239,deadline_reached,93,7,70,202300.0,False,False,31,20,45,96
none,development-first-allocation,20,1571240,deadline_reached,92,8,70,202300.0,False,False,30,20,45,95
none,development-first-allocation,21,1571241,deadline_reached,91,9,70,202300.0,False,False,30,20,45,95
none,development-first-allocation,22,1571242,deadline_reached,88,12,70,202300.0,False,False,28,20,45,93
none,development-first-allocation,23,1571243,deadline_reached,88,12,70,202300.0,False,False,28,20,45,93
none,development-first-allocation,24,1571244,deadline_reached,89,11,70,202300.0,False,False,29,20,45,94
none,development-first-allocation,25,1571245,deadline_reached,88,12,70,202300.0,False,False,28,20,45,93
none,development-first-allocation,26,1571246,deadline_reached,91,9,70,202300.0,False,False,30,20,45,95
none,development-first-allocation,27,1571247,deadline_reached,89,11,70,202300.0,False,False,29,20,45,94
none,development-first-allocation,28,1571248,deadline_reached,78,22,70,202300.0,False,False,24,20,45,89
none,development-first-allocation,29,1571249,deadline_reached,81,19,70,202300.0,False,False,25,20,45,90
none,development-first-allocation,30,1571250,deadline_reached,85,15,70,202300.0,False,False,27,20,45,92
none,development-first-allocation,31,1571251,deadline_reached,81,19,70,202300.0,False,False,25,20,45,90
none,development-first-allocation,32,1571252,deadline_reached,84,16,70,202300.0,False,False,26,20,45,91
none,development-first-allocation,33,1571253,deadline_reached,85,15,70,202300.0,False,False,27,20,45,92
none,development-first-allocation,34,1571254,deadline_reached,89,11,70,202300.0,False,False,29,20,45,94
none,development-first-allocation,35,1571255,deadline_reached,86,14,70,202300.0,False,False,27,20,45,92
none,development-first-allocation,36,1571256,deadline_reached,87,13,70,202300.0,False,False,28,20,45,93
none,development-first-allocation,37,1571257,deadline_reached,92,8,70,202300.0,False,False,30,20,45,95
none,development-first-allocation,38,1571258,deadline_reached,89,11,70,202300.0,False,False,29,20,45,94
none,development-first-allocation,39,1571259,deadline_reached,84,16,70,202300.0,False,False,26,20,45,91
none,development-first-allocation,40,1571260,deadline_reached,86,14,70,202300.0,False,False,27,20,45,92
none,development-first-allocation,41,1571261,deadline_reached,87,13,70,202300.0,False,False,28,20,45,93
none,development-first-allocation,42,1571262,deadline_reached,85,15,70,202300.0,False,False,27,20,45,92
none,development-first-allocation,43,1571263,deadline_reached,82,18,70,202300.0,False,False,25,20,45,90
none,development-first-allocation,44,1571264,deadline_reached,83,17,70,202300.0,False,False,26,20,45,91
none,development-first-allocation,45,1571265,deadline_reached,84,16,70,202300.0,False,False,26,20,45,91
none,development-first-allocation,46,1571266,deadline_reached,91,9,70,202300.0,False,False,30,20,45,95
none,development-first-allocation,47,1571267,deadline_reached,89,11,70,202300.0,False,False,29,20,45,94
none,development-first-allocation,48,1571268,deadline_reached,87,13,70,202300.0,False,False,28,20,45,93
none,development-first-allocation,49,1571269,deadline_reached,87,13,70,202300.0,False,False,28,20,45,93
none,development-first-allocation,50,1571270,deadline_reached,88,12,70,202300.0,False,False,28,20,45,93
none,development-first-allocation,51,1571271,deadline_reached,90,10,70,202300.0,False,False,29,20,45,94
none,development-first-allocation,52,1571272,deadline_reached,91,9,70,202300.0,False,False,30,20,45,95
none,development-first-allocation,53,1571273,deadline_reached,88,12,70,202300.0,False,False,28,20,45,93
none,development-first-allocation,54,1571274,deadline_reached,87,13,70,202300.0,False,False,28,20,45,93
none,development-first-allocation,55,1571275,deadline_reached,92,8,70,202300.0,False,False,30,20,45,95
none,development-first-allocation,56,1571276,deadline_reached,87,13,70,202300.0,False,False,28,20,45,93
none,development-first-allocation,57,1571277,deadline_reached,87,13,70,202300.0,False,False,28,20,45,93
none,development-first-allocation,58,1571278,deadline_reached,87,13,70,202300.0,False,False,28,20,45,93
none,development-first-allocation,59,1571279,deadline_reached,91,9,70,202300.0,False,False,30,20,45,95
none,development-first-allocation,60,1571280,deadline_reached,95,5,70,202300.0,False,False,32,20,45,97
none,development-first-allocation,61,1571281,deadline_reached,87,13,70,202300.0,False,False,28,20,45,93
none,development-first-allocation,62,1571282,deadline_reached,93,7,70,202300.0,False,False,31,20,45,96
none,development-first-allocation,63,1571283,deadline_reached,88,12,70,202300.0,False,False,28,20,45,93
none,development-first-allocation,64,1571284,deadline_reached,92,8,70,202300.0,False,False,30,20,45,95
none,development-first-allocation,65,1571285,deadline_reached,92,8,70,202300.0,False,False,30,20,45,95
none,development-first-allocation,66,1571286,deadline_reached,93,7,70,202300.0,False,False,31,20,45,96
none,development-first-allocation,67,1571287,deadline_reached,92,8,70,202300.0,False,False,30,20,45,95
none,development-first-allocation,68,1571288,deadline_reached,90,10,70,202300.0,False,False,29,20,45,94
none,development-first-allocation,69,1571289,deadline_reached,90,10,70,202300.0,False,False,29,20,45,94
none,development-first-allocation,70,1571290,deadline_reached,90,10,70,202300.0,False,False,29,20,45,94
none,development-first-allocation,71,1571291,deadline_reached,90,10,70,202300.0,False,False,29,20,45,94
none,development-first-allocation,72,1571292,deadline_reached,95,5,70,202300.0,False,False,32,20,45,97
none,development-first-allocation,73,1571293,deadline_reached,97,3,70,202300.0,False,False,33,20,45,98
none,development-first-allocation,74,1571294,deadline_reached,92,8,70,202300.0,False,False,30,20,45,95
none,development-first-allocation,75,1571295,deadline_reached,93,7,70,202300.0,False,False,31,20,45,96
none,development-first-allocation,76,1571296,deadline_reached,93,7,70,202300.0,False,False,31,20,45,96
none,development-first-allocation,77,1571297,deadline_reached,90,10,70,202300.0,False,False,29,20,45,94
none,development-first-allocation,78,1571298,deadline_reached,93,7,70,202300.0,False,False,31,20,45,96
none,development-first-allocation,79,1571299,deadline_reached,94,6,70,202300.0,False,False,31,20,45,96
none,development-first-allocation,80,1571300,deadline_reached,94,6,70,202300.0,False,False,31,20,45,96
none,development-first-allocation,81,1571301,deadline_reached,94,6,70,202300.0,False,False,31,20,45,96
none,development-first-allocation,82,1571302,deadline_reached,92,8,70,202300.0,False,False,30,20,45,95
none,development-first-allocation,83,1571303,deadline_reached,90,10,70,202300.0,False,False,29,20,45,94
none,development-first-allocation,84,1571304,deadline_reached,87,13,70,202300.0,False,False,28,20,45,93
none,development-first-allocation,85,1571305,deadline_reached,88,12,70,202300.0,False,False,28,20,45,93
none,development-first-allocation,86,1571306,deadline_reached,90,10,70,202300.0,False,False,29,20,45,94
none,development-first-allocation,87,1571307,deadline_reached,90,10,70,202300.0,False,False,29,20,45,94
none,development-first-allocation,88,1571308,deadline_reached,85,15,70,202300.0,False,False,27,20,45,92
none,development-first-allocation,89,1571309,deadline_reached,92,8,70,202300.0,False,False,30,20,45,95
none,development-first-allocation,90,1571310,deadline_reached,91,9,70,202300.0,False,False,30,20,45,95
none,development-first-allocation,91,1571311,deadline_reached,94,6,70,202300.0,False,False,31,20,45,96
none,development-first-allocation,92,1571312,deadline_reached,89,11,70,202300.0,False,False,29,20,45,94
none,development-first-allocation,93,1571313,deadline_reached,89,11,70,202300.0,False,False,29,20,45,94
none,development-first-allocation,94,1571314,deadline_reached,91,9,70,202300.0,False,False,30,20,45,95
none,development-first-allocation,95,1571315,deadline_reached,93,7,70,202300.0,False,False,31,20,45,96
none,development-first-allocation,96,1571316,deadline_reached,88,12,70,202300.0,False,False,28,20,45,93
none,development-first-allocation,97,1571317,deadline_reached,94,6,70,202300.0,False,False,31,20,45,96
none,development-first-allocation,98,1571318,deadline_reached,92,8,70,202300.0,False,False,30,20,45,95
none,development-first-allocation,99,1571319,deadline_reached,95,5,70,202300.0,False,False,32,20,45,97
none,development-first-allocation,100,1571320,deadline_reached,93,7,70,202300.0,False,False,31,20,45,96
none,development-first-allocation,101,1571321,deadline_reached,93,7,70,202300.0,False,False,31,20,45,96
none,development-first-allocation,102,1571322,deadline_reached,83,17,70,202300.0,False,False,26,20,45,91
none,development-first-allocation,103,1571323,deadline_reached,81,19,70,202300.0,False,False,25,20,45,90
none,development-first-allocation,104,1571324,deadline_reached,84,16,70,202300.0,False,False,26,20,45,91
none,development-first-allocation,105,1571325,deadline_reached,92,8,70,202300.0,False,False,30,20,45,95
none,development-first-allocation,106,1571326,deadline_reached,87,13,70,202300.0,False,False,28,20,45,93
none,development-first-allocation,107,1571327,deadline_reached,97,3,70,202300.0,False,False,33,20,45,98
none,development-first-allocation,108,1571328,deadline_reached,90,10,70,202300.0,False,False,29,20,45,94
none,development-first-allocation,109,1571329,deadline_reached,82,18,70,202300.0,False,False,25,20,45,90
none,development-first-allocation,110,1571330,deadline_reached,82,18,70,202300.0,False,False,25,20,45,90
none,development-first-allocation,111,1571331,deadline_reached,81,19,70,202300.0,False,False,25,20,45,90
none,development-first-allocation,112,1571332,deadline_reached,88,12,70,202300.0,False,False,28,20,45,93
none,development-first-allocation,113,1571333,deadline_reached,85,15,70,202300.0,False,False,27,20,45,92
none,development-first-allocation,114,1571334,deadline_reached,86,14,70,202300.0,False,False,27,20,45,92
none,development-first-allocation,115,1571335,deadline_reached,84,16,70,202300.0,False,False,26,20,45,91
none,development-first-allocation,116,1571336,deadline_reached,87,13,70,202300.0,False,False,28,20,45,93
none,development-first-allocation,117,1571337,deadline_reached,80,20,70,202300.0,False,False,25,20,45,90
none,development-first-allocation,118,1571338,deadline_reached,88,12,70,202300.0,False,False,28,20,45,93
none,development-first-allocation,119,1571339,deadline_reached,89,11,70,202300.0,False,False,29,20,45,94
none,development-first-allocation,120,1571340,deadline_reached,87,13,70,202300.0,False,False,28,20,45,93
none,development-first-allocation,121,1571341,deadline_reached,87,13,70,202300.0,False,False,28,20,45,93
none,development-first-allocation,122,1571342,deadline_reached,85,15,70,202300.0,False,False,27,20,45,92
none,development-first-allocation,123,1571343,deadline_reached,84,16,70,202300.0,False,False,26,20,45,91
none,development-first-allocation,124,1571344,deadline_reached,87,13,70,202300.0,False,False,28,20,45,93
none,development-first-allocation,125,1571345,deadline_reached,88,12,70,202300.0,False,False,28,20,45,93
none,development-first-allocation,126,1571346,deadline_reached,86,14,70,202300.0,False,False,27,20,45,92
none,development-first-allocation,127,1571347,deadline_reached,87,13,70,202300.0,False,False,28,20,45,93
none,development-first-allocation,128,1571348,deadline_reached,85,15,70,202300.0,False,False,27,20,45,92
none,development-first-allocation,129,1571349,deadline_reached,82,18,70,202300.0,False,False,25,20,45,90
none,development-first-allocation,130,1571350,deadline_reached,82,18,70,202300.0,False,False,25,20,45,90
none,development-first-allocation,131,1571351,deadline_reached,89,11,70,202300.0,False,False,29,20,45,94
none,development-first-allocation,132,1571352,deadline_reached,93,7,70,202300.0,False,False,31,20,45,96
none,development-first-allocation,133,1571353,deadline_reached,91,9,70,202300.0,False,False,30,20,45,95
none,development-first-allocation,134,1571354,deadline_reached,94,6,70,202300.0,False,False,31,20,45,96
none,development-first-allocation,135,1571355,deadline_reached,89,11,70,202300.0,False,False,29,20,45,94
none,development-first-allocation,136,1571356,deadline_reached,94,6,70,202300.0,False,False,31,20,45,96
none,development-first-allocation,137,1571357,deadline_reached,95,5,70,202300.0,False,False,32,20,45,97
none,development-first-allocation,138,1571358,deadline_reached,91,9,70,202300.0,False,False,30,20,45,95
none,development-first-allocation,139,1571359,deadline_reached,88,12,70,202300.0,False,False,28,20,45,93
none,development-first-allocation,140,1571360,deadline_reached,88,12,70,202300.0,False,False,28,20,45,93
none,development-first-allocation,141,1571361,deadline_reached,89,11,70,202300.0,False,False,29,20,45,94
none,development-first-allocation,142,1571362,deadline_reached,86,14,70,202300.0,False,False,27,20,45,92
none,development-first-allocation,143,1571363,deadline_reached,87,13,70,202300.0,False,False,28,20,45,93
none,development-first-allocation,144,1571364,deadline_reached,88,12,70,202300.0,False,False,28,20,45,93
none,development-first-allocation,145,1571365,deadline_reached,91,9,70,202300.0,False,False,30,20,45,95
none,development-first-allocation,146,1571366,deadline_reached,89,11,70,202300.0,False,False,29,20,45,94
none,development-first-allocation,147,1571367,deadline_reached,93,7,70,202300.0,False,False,31,20,45,96
none,development-first-allocation,148,1571368,deadline_reached,88,12,70,202300.0,False,False,28,20,45,93
none,development-first-allocation,149,1571369,deadline_reached,91,9,70,202300.0,False,False,30,20,45,95
none,development-first-allocation,150,1571370,deadline_reached,90,10,70,202300.0,False,False,29,20,45,94
none,development-first-allocation,151,1571371,deadline_reached,85,15,70,202300.0,False,False,27,20,45,92
none,development-first-allocation,152,1571372,deadline_reached,89,11,70,202300.0,False,False,29,20,45,94
none,development-first-allocation,153,1571373,deadline_reached,90,10,70,202300.0,False,False,29,20,45,94
none,development-first-allocation,154,1571374,deadline_reached,91,9,70,202300.0,False,False,30,20,45,95
none,development-first-allocation,155,1571375,deadline_reached,91,9,70,202300.0,False,False,30,20,45,95
none,development-first-allocation,156,1571376,deadline_reached,84,16,70,202300.0,False,False,26,20,45,91
none,development-first-allocation,157,1571377,deadline_reached,87,13,70,202300.0,False,False,28,20,45,93
none,development-first-allocation,158,1571378,deadline_reached,85,15,70,202300.0,False,False,27,20,45,92
none,development-first-allocation,159,1571379,deadline_reached,89,11,70,202300.0,False,False,29,20,45,94
none,development-first-allocation,160,1571380,deadline_reached,88,12,70,202300.0,False,False,28,20,45,93
none,development-first-allocation,161,1571381,deadline_reached,88,12,70,202300.0,False,False,28,20,45,93
none,development-first-allocation,162,1571382,deadline_reached,90,10,70,202300.0,False,False,29,20,45,94
none,development-first-allocation,163,1571383,deadline_reached,91,9,70,202300.0,False,False,30,20,45,95
none,development-first-allocation,164,1571384,deadline_reached,87,13,70,202300.0,False,False,28,20,45,93
none,development-first-allocation,165,1571385,deadline_reached,88,12,70,202300.0,False,False,28,20,45,93
none,development-first-allocation,166,1571386,deadline_reached,88,12,70,202300.0,False,False,28,20,45,93
none,development-first-allocation,167,1571387,deadline_reached,88,12,70,202300.0,False,False,28,20,45,93
none,development-first-allocation,168,1571388,deadline_reached,90,10,70,202300.0,False,False,29,20,45,94
none,development-first-allocation,169,1571389,deadline_reached,88,12,70,202300.0,False,False,28,20,45,93
none,development-first-allocation,170,1571390,deadline_reached,89,11,70,202300.0,False,False,29,20,45,94
none,development-first-allocation,171,1571391,deadline_reached,94,6,70,202300.0,False,False,31,20,45,96
none,development-first-allocation,172,1571392,deadline_reached,92,8,70,202300.0,False,False,30,20,45,95
none,development-first-allocation,173,1571393,deadline_reached,95,5,70,202300.0,False,False,32,20,45,97
none,development-first-allocation,174,1571394,deadline_reached,93,7,70,202300.0,False,False,31,20,45,96
none,development-first-allocation,175,1571395,deadline_reached,89,11,70,202300.0,False,False,29,20,45,94
none,development-first-allocation,176,1571396,deadline_reached,89,11,70,202300.0,False,False,29,20,45,94
none,development-first-allocation,177,1571397,deadline_reached,92,8,70,202300.0,False,False,30,20,45,95
none,development-first-allocation,178,1571398,deadline_reached,92,8,70,202300.0,False,False,30,20,45,95
none,development-first-allocation,179,1571399,deadline_reached,87,13,70,202300.0,False,False,28,20,45,93
none,development-first-allocation,180,1571400,deadline_reached,87,13,70,202300.0,False,False,28,20,45,93
none,development-first-allocation,181,1571401,deadline_reached,89,11,70,202300.0,False,False,29,20,45,94
none,development-first-allocation,182,1571402,deadline_reached,89,11,70,202300.0,False,False,29,20,45,94
none,development-first-allocation,183,1571403,deadline_reached,85,15,70,202300.0,False,False,27,20,45,92
none,development-first-allocation,184,1571404,deadline_reached,90,10,70,202300.0,False,False,29,20,45,94
none,development-first-allocation,185,1571405,deadline_reached,86,14,70,202300.0,False,False,27,20,45,92
none,development-first-allocation,186,1571406,deadline_reached,80,20,70,202300.0,False,False,25,20,45,90
none,development-first-allocation,187,1571407,deadline_reached,85,15,70,202300.0,False,False,27,20,45,92
none,development-first-allocation,188,1571408,deadline_reached,84,16,70,202300.0,False,False,26,20,45,91
none,development-first-allocation,189,1571409,deadline_reached,89,11,70,202300.0,False,False,29,20,45,94
none,development-first-allocation,190,1571410,deadline_reached,88,12,70,202300.0,False,False,28,20,45,93
none,development-first-allocation,191,1571411,deadline_reached,90,10,70,202300.0,False,False,29,20,45,94
none,development-first-allocation,192,1571412,deadline_reached,89,11,70,202300.0,False,False,29,20,45,94
none,development-first-allocation,193,1571413,deadline_reached,88,12,70,202300.0,False,False,28,20,45,93
none,development-first-allocation,194,1571414,deadline_reached,85,15,70,202300.0,False,False,27,20,45,92
none,development-first-allocation,195,1571415,deadline_reached,96,4,70,202300.0,False,False,32,20,45,97
none,development-first-allocation,196,1571416,deadline_reached,90,10,70,202300.0,False,False,29,20,45,94
none,development-first-allocation,197,1571417,deadline_reached,88,12,70,202300.0,False,False,28,20,45,93
none,development-first-allocation,198,1571418,deadline_reached,87,13,70,202300.0,False,False,28,20,45,93
none,development-first-allocation,199,1571419,deadline_reached,84,16,70,202300.0,False,False,26,20,45,91
none,quality-first-allocation,0,1571220,completed,100,0,65,187850.0,False,False,35,20,45,100
none,quality-first-allocation,1,1571221,completed,100,0,65,187850.0,False,False,35,20,45,100
none,quality-first-allocation,2,1571222,deadline_reached,99,1,70,202300.0,False,False,34,20,45,99
none,quality-first-allocation,3,1571223,deadline_reached,99,1,70,202300.0,False,False,34,20,45,99
none,quality-first-allocation,4,1571224,completed,100,0,70,202300.0,False,False,35,20,45,100
none,quality-first-allocation,5,1571225,completed,100,0,65,187850.0,False,False,35,20,45,100
none,quality-first-allocation,6,1571226,completed,100,0,60,173400.0,False,False,35,20,45,100
none,quality-first-allocation,7,1571227,completed,100,0,65,187850.0,False,False,35,20,45,100
none,quality-first-allocation,8,1571228,deadline_reached,99,1,70,202300.0,False,False,34,20,45,99
none,quality-first-allocation,9,1571229,completed,100,0,70,202300.0,False,False,35,20,45,100
none,quality-first-allocation,10,1571230,completed,100,0,70,202300.0,False,False,35,20,45,100
none,quality-first-allocation,11,1571231,deadline_reached,99,1,70,202300.0,False,False,34,20,45,99
none,quality-first-allocation,12,1571232,completed,100,0,70,202300.0,False,False,35,20,45,100
none,quality-first-allocation,13,1571233,deadline_reached,99,1,70,202300.0,False,False,34,20,45,99
none,quality-first-allocation,14,1571234,completed,100,0,70,202300.0,False,False,35,20,45,100
none,quality-first-allocation,15,1571235,completed,100,0,65,187850.0,False,False,35,20,45,100
none,quality-first-allocation,16,1571236,completed,100,0,60,173400.0,False,False,35,20,45,100
none,quality-first-allocation,17,1571237,completed,100,0,65,187850.0,False,False,35,20,45,100
none,quality-first-allocation,18,1571238,completed,100,0,60,173400.0,False,False,35,20,45,100
none,quality-first-allocation,19,1571239,deadline_reached,99,1,70,202300.0,False,False,34,20,45,99
none,quality-first-allocation,20,1571240,completed,100,0,60,173400.0,False,False,35,20,45,100
none,quality-first-allocation,21,1571241,completed,100,0,60,173400.0,False,False,35,20,45,100
none,quality-first-allocation,22,1571242,completed,100,0,55,158950.0,False,False,35,20,45,100
none,quality-first-allocation,23,1571243,completed,100,0,65,187850.0,False,False,35,20,45,100
none,quality-first-allocation,24,1571244,completed,100,0,60,173400.0,False,False,35,20,45,100
none,quality-first-allocation,25,1571245,completed,100,0,65,187850.0,False,False,35,20,45,100
none,quality-first-allocation,26,1571246,deadline_reached,99,1,70,202300.0,False,False,34,20,45,99
none,quality-first-allocation,27,1571247,completed,100,0,70,202300.0,False,False,35,20,45,100
none,quality-first-allocation,28,1571248,completed,100,0,60,173400.0,False,False,35,20,45,100
none,quality-first-allocation,29,1571249,deadline_reached,98,2,70,202300.0,False,False,33,20,45,98
none,quality-first-allocation,30,1571250,deadline_reached,98,2,70,202300.0,False,False,33,20,45,98
none,quality-first-allocation,31,1571251,deadline_reached,99,1,70,202300.0,False,False,34,20,45,99
none,quality-first-allocation,32,1571252,deadline_reached,99,1,70,202300.0,False,False,34,20,45,99
none,quality-first-allocation,33,1571253,deadline_reached,99,1,70,202300.0,False,False,34,20,45,99
none,quality-first-allocation,34,1571254,completed,100,0,65,187850.0,False,False,35,20,45,100
none,quality-first-allocation,35,1571255,completed,100,0,70,202300.0,False,False,35,20,45,100
none,quality-first-allocation,36,1571256,completed,100,0,70,202300.0,False,False,35,20,45,100
none,quality-first-allocation,37,1571257,completed,100,0,65,187850.0,False,False,35,20,45,100
none,quality-first-allocation,38,1571258,completed,100,0,60,173400.0,False,False,35,20,45,100
none,quality-first-allocation,39,1571259,completed,100,0,65,187850.0,False,False,35,20,45,100
none,quality-first-allocation,40,1571260,deadline_reached,98,2,70,202300.0,False,False,33,20,45,98
none,quality-first-allocation,41,1571261,deadline_reached,98,2,70,202300.0,False,False,33,20,45,98
none,quality-first-allocation,42,1571262,completed,100,0,70,202300.0,False,False,35,20,45,100
none,quality-first-allocation,43,1571263,deadline_reached,99,1,70,202300.0,False,False,34,20,45,99
none,quality-first-allocation,44,1571264,completed,100,0,70,202300.0,False,False,35,20,45,100
none,quality-first-allocation,45,1571265,deadline_reached,99,1,70,202300.0,False,False,34,20,45,99
none,quality-first-allocation,46,1571266,completed,100,0,70,202300.0,False,False,35,20,45,100
none,quality-first-allocation,47,1571267,completed,100,0,65,187850.0,False,False,35,20,45,100
none,quality-first-allocation,48,1571268,completed,100,0,65,187850.0,False,False,35,20,45,100
none,quality-first-allocation,49,1571269,completed,100,0,65,187850.0,False,False,35,20,45,100
none,quality-first-allocation,50,1571270,completed,100,0,70,202300.0,False,False,35,20,45,100
none,quality-first-allocation,51,1571271,completed,100,0,70,202300.0,False,False,35,20,45,100
none,quality-first-allocation,52,1571272,completed,100,0,65,187850.0,False,False,35,20,45,100
none,quality-first-allocation,53,1571273,deadline_reached,99,1,70,202300.0,False,False,34,20,45,99
none,quality-first-allocation,54,1571274,deadline_reached,99,1,70,202300.0,False,False,34,20,45,99
none,quality-first-allocation,55,1571275,completed,100,0,65,187850.0,False,False,35,20,45,100
none,quality-first-allocation,56,1571276,completed,100,0,65,187850.0,False,False,35,20,45,100
none,quality-first-allocation,57,1571277,deadline_reached,99,1,70,202300.0,False,False,34,20,45,99
none,quality-first-allocation,58,1571278,completed,100,0,65,187850.0,False,False,35,20,45,100
none,quality-first-allocation,59,1571279,completed,100,0,70,202300.0,False,False,35,20,45,100
none,quality-first-allocation,60,1571280,completed,100,0,70,202300.0,False,False,35,20,45,100
none,quality-first-allocation,61,1571281,completed,100,0,65,187850.0,False,False,35,20,45,100
none,quality-first-allocation,62,1571282,completed,100,0,60,173400.0,False,False,35,20,45,100
none,quality-first-allocation,63,1571283,completed,100,0,60,173400.0,False,False,35,20,45,100
none,quality-first-allocation,64,1571284,completed,100,0,60,173400.0,False,False,35,20,45,100
none,quality-first-allocation,65,1571285,completed,100,0,70,202300.0,False,False,35,20,45,100
none,quality-first-allocation,66,1571286,completed,100,0,65,187850.0,False,False,35,20,45,100
none,quality-first-allocation,67,1571287,completed,100,0,60,173400.0,False,False,35,20,45,100
none,quality-first-allocation,68,1571288,completed,100,0,55,158950.0,False,False,35,20,45,100
none,quality-first-allocation,69,1571289,deadline_reached,99,1,70,202300.0,False,False,34,20,45,99
none,quality-first-allocation,70,1571290,deadline_reached,99,1,70,202300.0,False,False,34,20,45,99
none,quality-first-allocation,71,1571291,deadline_reached,99,1,70,202300.0,False,False,34,20,45,99
none,quality-first-allocation,72,1571292,completed,100,0,65,187850.0,False,False,35,20,45,100
none,quality-first-allocation,73,1571293,completed,100,0,65,187850.0,False,False,35,20,45,100
none,quality-first-allocation,74,1571294,completed,100,0,60,173400.0,False,False,35,20,45,100
none,quality-first-allocation,75,1571295,completed,100,0,55,158950.0,False,False,35,20,45,100
none,quality-first-allocation,76,1571296,completed,100,0,70,202300.0,False,False,35,20,45,100
none,quality-first-allocation,77,1571297,completed,100,0,70,202300.0,False,False,35,20,45,100
none,quality-first-allocation,78,1571298,completed,100,0,60,173400.0,False,False,35,20,45,100
none,quality-first-allocation,79,1571299,completed,100,0,55,158950.0,False,False,35,20,45,100
none,quality-first-allocation,80,1571300,completed,100,0,65,187850.0,False,False,35,20,45,100
none,quality-first-allocation,81,1571301,completed,100,0,65,187850.0,False,False,35,20,45,100
none,quality-first-allocation,82,1571302,completed,100,0,60,173400.0,False,False,35,20,45,100
none,quality-first-allocation,83,1571303,completed,100,0,65,187850.0,False,False,35,20,45,100
none,quality-first-allocation,84,1571304,deadline_reached,99,1,70,202300.0,False,False,34,20,45,99
none,quality-first-allocation,85,1571305,completed,100,0,70,202300.0,False,False,35,20,45,100
none,quality-first-allocation,86,1571306,completed,100,0,70,202300.0,False,False,35,20,45,100
none,quality-first-allocation,87,1571307,completed,100,0,65,187850.0,False,False,35,20,45,100
none,quality-first-allocation,88,1571308,completed,100,0,60,173400.0,False,False,35,20,45,100
none,quality-first-allocation,89,1571309,deadline_reached,99,1,70,202300.0,False,False,34,20,45,99
none,quality-first-allocation,90,1571310,completed,100,0,70,202300.0,False,False,35,20,45,100
none,quality-first-allocation,91,1571311,completed,100,0,65,187850.0,False,False,35,20,45,100
none,quality-first-allocation,92,1571312,completed,100,0,60,173400.0,False,False,35,20,45,100
none,quality-first-allocation,93,1571313,completed,100,0,55,158950.0,False,False,35,20,45,100
none,quality-first-allocation,94,1571314,deadline_reached,99,1,70,202300.0,False,False,34,20,45,99
none,quality-first-allocation,95,1571315,completed,100,0,70,202300.0,False,False,35,20,45,100
none,quality-first-allocation,96,1571316,completed,100,0,70,202300.0,False,False,35,20,45,100
none,quality-first-allocation,97,1571317,completed,100,0,70,202300.0,False,False,35,20,45,100
none,quality-first-allocation,98,1571318,completed,100,0,65,187850.0,False,False,35,20,45,100
none,quality-first-allocation,99,1571319,deadline_reached,99,1,70,202300.0,False,False,34,20,45,99
none,quality-first-allocation,100,1571320,completed,100,0,65,187850.0,False,False,35,20,45,100
none,quality-first-allocation,101,1571321,completed,100,0,65,187850.0,False,False,35,20,45,100
none,quality-first-allocation,102,1571322,completed,100,0,60,173400.0,False,False,35,20,45,100
none,quality-first-allocation,103,1571323,completed,100,0,70,202300.0,False,False,35,20,45,100
none,quality-first-allocation,104,1571324,completed,100,0,65,187850.0,False,False,35,20,45,100
none,quality-first-allocation,105,1571325,completed,100,0,70,202300.0,False,False,35,20,45,100
none,quality-first-allocation,106,1571326,completed,100,0,65,187850.0,False,False,35,20,45,100
none,quality-first-allocation,107,1571327,completed,100,0,60,173400.0,False,False,35,20,45,100
none,quality-first-allocation,108,1571328,completed,100,0,65,187850.0,False,False,35,20,45,100
none,quality-first-allocation,109,1571329,completed,100,0,65,187850.0,False,False,35,20,45,100
none,quality-first-allocation,110,1571330,completed,100,0,70,202300.0,False,False,35,20,45,100
none,quality-first-allocation,111,1571331,completed,100,0,65,187850.0,False,False,35,20,45,100
none,quality-first-allocation,112,1571332,deadline_reached,99,1,70,202300.0,False,False,34,20,45,99
none,quality-first-allocation,113,1571333,completed,100,0,65,187850.0,False,False,35,20,45,100
none,quality-first-allocation,114,1571334,deadline_reached,99,1,70,202300.0,False,False,34,20,45,99
none,quality-first-allocation,115,1571335,completed,100,0,65,187850.0,False,False,35,20,45,100
none,quality-first-allocation,116,1571336,completed,100,0,60,173400.0,False,False,35,20,45,100
none,quality-first-allocation,117,1571337,completed,100,0,60,173400.0,False,False,35,20,45,100
none,quality-first-allocation,118,1571338,completed,100,0,55,158950.0,False,False,35,20,45,100
none,quality-first-allocation,119,1571339,completed,100,0,60,173400.0,False,False,35,20,45,100
none,quality-first-allocation,120,1571340,completed,100,0,65,187850.0,False,False,35,20,45,100
none,quality-first-allocation,121,1571341,completed,100,0,65,187850.0,False,False,35,20,45,100
none,quality-first-allocation,122,1571342,deadline_reached,99,1,70,202300.0,False,False,34,20,45,99
none,quality-first-allocation,123,1571343,completed,100,0,70,202300.0,False,False,35,20,45,100
none,quality-first-allocation,124,1571344,completed,100,0,65,187850.0,False,False,35,20,45,100
none,quality-first-allocation,125,1571345,deadline_reached,99,1,70,202300.0,False,False,34,20,45,99
none,quality-first-allocation,126,1571346,deadline_reached,99,1,70,202300.0,False,False,34,20,45,99
none,quality-first-allocation,127,1571347,deadline_reached,99,1,70,202300.0,False,False,34,20,45,99
none,quality-first-allocation,128,1571348,deadline_reached,98,2,70,202300.0,False,False,33,20,45,98
none,quality-first-allocation,129,1571349,completed,100,0,70,202300.0,False,False,35,20,45,100
none,quality-first-allocation,130,1571350,completed,100,0,65,187850.0,False,False,35,20,45,100
none,quality-first-allocation,131,1571351,completed,100,0,70,202300.0,False,False,35,20,45,100
none,quality-first-allocation,132,1571352,completed,100,0,65,187850.0,False,False,35,20,45,100
none,quality-first-allocation,133,1571353,completed,100,0,70,202300.0,False,False,35,20,45,100
none,quality-first-allocation,134,1571354,completed,100,0,65,187850.0,False,False,35,20,45,100
none,quality-first-allocation,135,1571355,completed,100,0,60,173400.0,False,False,35,20,45,100
none,quality-first-allocation,136,1571356,completed,100,0,65,187850.0,False,False,35,20,45,100
none,quality-first-allocation,137,1571357,completed,100,0,70,202300.0,False,False,35,20,45,100
none,quality-first-allocation,138,1571358,completed,100,0,65,187850.0,False,False,35,20,45,100
none,quality-first-allocation,139,1571359,completed,100,0,65,187850.0,False,False,35,20,45,100
none,quality-first-allocation,140,1571360,completed,100,0,60,173400.0,False,False,35,20,45,100
none,quality-first-allocation,141,1571361,completed,100,0,70,202300.0,False,False,35,20,45,100
none,quality-first-allocation,142,1571362,completed,100,0,70,202300.0,False,False,35,20,45,100
none,quality-first-allocation,143,1571363,completed,100,0,70,202300.0,False,False,35,20,45,100
none,quality-first-allocation,144,1571364,deadline_reached,99,1,70,202300.0,False,False,34,20,45,99
none,quality-first-allocation,145,1571365,completed,100,0,60,173400.0,False,False,35,20,45,100
none,quality-first-allocation,146,1571366,completed,100,0,65,187850.0,False,False,35,20,45,100
none,quality-first-allocation,147,1571367,deadline_reached,98,2,70,202300.0,False,False,33,20,45,98
none,quality-first-allocation,148,1571368,deadline_reached,99,1,70,202300.0,False,False,34,20,45,99
none,quality-first-allocation,149,1571369,deadline_reached,99,1,70,202300.0,False,False,34,20,45,99
none,quality-first-allocation,150,1571370,deadline_reached,99,1,70,202300.0,False,False,34,20,45,99
none,quality-first-allocation,151,1571371,deadline_reached,99,1,70,202300.0,False,False,34,20,45,99
none,quality-first-allocation,152,1571372,completed,100,0,70,202300.0,False,False,35,20,45,100
none,quality-first-allocation,153,1571373,completed,100,0,70,202300.0,False,False,35,20,45,100
none,quality-first-allocation,154,1571374,completed,100,0,65,187850.0,False,False,35,20,45,100
none,quality-first-allocation,155,1571375,completed,100,0,60,173400.0,False,False,35,20,45,100
none,quality-first-allocation,156,1571376,completed,100,0,65,187850.0,False,False,35,20,45,100
none,quality-first-allocation,157,1571377,deadline_reached,99,1,70,202300.0,False,False,34,20,45,99
none,quality-first-allocation,158,1571378,completed,100,0,70,202300.0,False,False,35,20,45,100
none,quality-first-allocation,159,1571379,deadline_reached,99,1,70,202300.0,False,False,34,20,45,99
none,quality-first-allocation,160,1571380,completed,100,0,65,187850.0,False,False,35,20,45,100
none,quality-first-allocation,161,1571381,completed,100,0,60,173400.0,False,False,35,20,45,100
none,quality-first-allocation,162,1571382,completed,100,0,65,187850.0,False,False,35,20,45,100
none,quality-first-allocation,163,1571383,completed,100,0,65,187850.0,False,False,35,20,45,100
none,quality-first-allocation,164,1571384,completed,100,0,55,158950.0,False,False,35,20,45,100
none,quality-first-allocation,165,1571385,completed,100,0,60,173400.0,False,False,35,20,45,100
none,quality-first-allocation,166,1571386,completed,100,0,65,187850.0,False,False,35,20,45,100
none,quality-first-allocation,167,1571387,completed,100,0,70,202300.0,False,False,35,20,45,100
none,quality-first-allocation,168,1571388,completed,100,0,70,202300.0,False,False,35,20,45,100
none,quality-first-allocation,169,1571389,deadline_reached,99,1,70,202300.0,False,False,34,20,45,99
none,quality-first-allocation,170,1571390,completed,100,0,65,187850.0,False,False,35,20,45,100
none,quality-first-allocation,171,1571391,completed,100,0,60,173400.0,False,False,35,20,45,100
none,quality-first-allocation,172,1571392,deadline_reached,99,1,70,202300.0,False,False,34,20,45,99
none,quality-first-allocation,173,1571393,completed,100,0,70,202300.0,False,False,35,20,45,100
none,quality-first-allocation,174,1571394,completed,100,0,65,187850.0,False,False,35,20,45,100
none,quality-first-allocation,175,1571395,completed,100,0,60,173400.0,False,False,35,20,45,100
none,quality-first-allocation,176,1571396,completed,100,0,70,202300.0,False,False,35,20,45,100
none,quality-first-allocation,177,1571397,completed,100,0,65,187850.0,False,False,35,20,45,100
none,quality-first-allocation,178,1571398,deadline_reached,99,1,70,202300.0,False,False,34,20,45,99
none,quality-first-allocation,179,1571399,completed,100,0,65,187850.0,False,False,35,20,45,100
none,quality-first-allocation,180,1571400,completed,100,0,55,158950.0,False,False,35,20,45,100
none,quality-first-allocation,181,1571401,completed,100,0,70,202300.0,False,False,35,20,45,100
none,quality-first-allocation,182,1571402,deadline_reached,99,1,70,202300.0,False,False,34,20,45,99
none,quality-first-allocation,183,1571403,completed,100,0,70,202300.0,False,False,35,20,45,100
none,quality-first-allocation,184,1571404,completed,100,0,65,187850.0,False,False,35,20,45,100
none,quality-first-allocation,185,1571405,completed,100,0,60,173400.0,False,False,35,20,45,100
none,quality-first-allocation,186,1571406,completed,100,0,60,173400.0,False,False,35,20,45,100
none,quality-first-allocation,187,1571407,completed,100,0,65,187850.0,False,False,35,20,45,100
none,quality-first-allocation,188,1571408,completed,100,0,65,187850.0,False,False,35,20,45,100
none,quality-first-allocation,189,1571409,completed,100,0,70,202300.0,False,False,35,20,45,100
none,quality-first-allocation,190,1571410,completed,100,0,65,187850.0,False,False,35,20,45,100
none,quality-first-allocation,191,1571411,deadline_reached,99,1,70,202300.0,False,False,34,20,45,99
none,quality-first-allocation,192,1571412,deadline_reached,99,1,70,202300.0,False,False,34,20,45,99
none,quality-first-allocation,193,1571413,completed,100,0,65,187850.0,False,False,35,20,45,100
none,quality-first-allocation,194,1571414,completed,100,0,60,173400.0,False,False,35,20,45,100
none,quality-first-allocation,195,1571415,deadline_reached,99,1,70,202300.0,False,False,34,20,45,99
none,quality-first-allocation,196,1571416,completed,100,0,70,202300.0,False,False,35,20,45,100
none,quality-first-allocation,197,1571417,completed,100,0,65,187850.0,False,False,35,20,45,100
none,quality-first-allocation,198,1571418,completed,100,0,70,202300.0,False,False,35,20,45,100
none,quality-first-allocation,199,1571419,deadline_reached,99,1,70,202300.0,False,False,34,20,45,99
none,overtime-recovery-after-budget-shock,0,1571220,completed,100,0,60,173400.0,False,False,35,20,45,100
none,overtime-recovery-after-budget-shock,1,1571221,completed,100,0,60,173400.0,False,False,35,20,45,100
none,overtime-recovery-after-budget-shock,2,1571222,completed,100,0,60,173400.0,False,False,35,20,45,100
none,overtime-recovery-after-budget-shock,3,1571223,deadline_reached,99,1,70,202300.0,False,False,34,20,45,99
none,overtime-recovery-after-budget-shock,4,1571224,completed,100,0,70,202300.0,False,False,35,20,45,100
none,overtime-recovery-after-budget-shock,5,1571225,completed,100,0,65,187850.0,False,False,35,20,45,100
none,overtime-recovery-after-budget-shock,6,1571226,completed,100,0,60,173400.0,False,False,35,20,45,100
none,overtime-recovery-after-budget-shock,7,1571227,completed,100,0,60,173400.0,False,False,35,20,45,100
none,overtime-recovery-after-budget-shock,8,1571228,completed,100,0,55,158950.0,False,False,35,20,45,100
none,overtime-recovery-after-budget-shock,9,1571229,completed,100,0,70,202300.0,False,False,35,20,45,100
none,overtime-recovery-after-budget-shock,10,1571230,completed,100,0,60,173400.0,False,False,35,20,45,100
none,overtime-recovery-after-budget-shock,11,1571231,completed,100,0,60,173400.0,False,False,35,20,45,100
none,overtime-recovery-after-budget-shock,12,1571232,completed,100,0,70,202300.0,False,False,35,20,45,100
none,overtime-recovery-after-budget-shock,13,1571233,completed,100,0,65,187850.0,False,False,35,20,45,100
none,overtime-recovery-after-budget-shock,14,1571234,completed,100,0,65,187850.0,False,False,35,20,45,100
none,overtime-recovery-after-budget-shock,15,1571235,completed,100,0,65,187850.0,False,False,35,20,45,100
none,overtime-recovery-after-budget-shock,16,1571236,completed,100,0,60,173400.0,False,False,35,20,45,100
none,overtime-recovery-after-budget-shock,17,1571237,completed,100,0,55,158950.0,False,False,35,20,45,100
none,overtime-recovery-after-budget-shock,18,1571238,completed,100,0,60,173400.0,False,False,35,20,45,100
none,overtime-recovery-after-budget-shock,19,1571239,completed,100,0,65,187850.0,False,False,35,20,45,100
none,overtime-recovery-after-budget-shock,20,1571240,completed,100,0,70,202300.0,False,False,35,20,45,100
none,overtime-recovery-after-budget-shock,21,1571241,completed,100,0,55,158950.0,False,False,35,20,45,100
none,overtime-recovery-after-budget-shock,22,1571242,completed,100,0,55,158950.0,False,False,35,20,45,100
none,overtime-recovery-after-budget-shock,23,1571243,completed,100,0,65,187850.0,False,False,35,20,45,100
none,overtime-recovery-after-budget-shock,24,1571244,completed,100,0,65,187850.0,False,False,35,20,45,100
none,overtime-recovery-after-budget-shock,25,1571245,completed,100,0,65,187850.0,False,False,35,20,45,100
none,overtime-recovery-after-budget-shock,26,1571246,completed,100,0,65,187850.0,False,False,35,20,45,100
none,overtime-recovery-after-budget-shock,27,1571247,completed,100,0,70,202300.0,False,False,35,20,45,100
none,overtime-recovery-after-budget-shock,28,1571248,completed,100,0,70,202300.0,False,False,35,20,45,100
none,overtime-recovery-after-budget-shock,29,1571249,deadline_reached,99,1,70,202300.0,False,False,34,20,45,99
none,overtime-recovery-after-budget-shock,30,1571250,completed,100,0,70,202300.0,False,False,35,20,45,100
none,overtime-recovery-after-budget-shock,31,1571251,completed,100,0,65,187850.0,False,False,35,20,45,100
none,overtime-recovery-after-budget-shock,32,1571252,deadline_reached,99,1,70,202300.0,False,False,34,20,45,99
none,overtime-recovery-after-budget-shock,33,1571253,completed,100,0,70,202300.0,False,False,35,20,45,100
none,overtime-recovery-after-budget-shock,34,1571254,completed,100,0,70,202300.0,False,False,35,20,45,100
none,overtime-recovery-after-budget-shock,35,1571255,completed,100,0,65,187850.0,False,False,35,20,45,100
none,overtime-recovery-after-budget-shock,36,1571256,completed,100,0,65,187850.0,False,False,35,20,45,100
none,overtime-recovery-after-budget-shock,37,1571257,completed,100,0,65,187850.0,False,False,35,20,45,100
none,overtime-recovery-after-budget-shock,38,1571258,completed,100,0,60,173400.0,False,False,35,20,45,100
none,overtime-recovery-after-budget-shock,39,1571259,completed,100,0,70,202300.0,False,False,35,20,45,100
none,overtime-recovery-after-budget-shock,40,1571260,completed,100,0,60,173400.0,False,False,35,20,45,100
none,overtime-recovery-after-budget-shock,41,1571261,completed,100,0,65,187850.0,False,False,35,20,45,100
none,overtime-recovery-after-budget-shock,42,1571262,completed,100,0,70,202300.0,False,False,35,20,45,100
none,overtime-recovery-after-budget-shock,43,1571263,completed,100,0,70,202300.0,False,False,35,20,45,100
none,overtime-recovery-after-budget-shock,44,1571264,completed,100,0,65,187850.0,False,False,35,20,45,100
none,overtime-recovery-after-budget-shock,45,1571265,completed,100,0,65,187850.0,False,False,35,20,45,100
none,overtime-recovery-after-budget-shock,46,1571266,completed,100,0,70,202300.0,False,False,35,20,45,100
none,overtime-recovery-after-budget-shock,47,1571267,completed,100,0,65,187850.0,False,False,35,20,45,100
none,overtime-recovery-after-budget-shock,48,1571268,completed,100,0,60,173400.0,False,False,35,20,45,100
none,overtime-recovery-after-budget-shock,49,1571269,completed,100,0,60,173400.0,False,False,35,20,45,100
none,overtime-recovery-after-budget-shock,50,1571270,completed,100,0,60,173400.0,False,False,35,20,45,100
none,overtime-recovery-after-budget-shock,51,1571271,completed,100,0,60,173400.0,False,False,35,20,45,100
none,overtime-recovery-after-budget-shock,52,1571272,completed,100,0,65,187850.0,False,False,35,20,45,100
none,overtime-recovery-after-budget-shock,53,1571273,deadline_reached,99,1,70,202300.0,False,False,34,20,45,99
none,overtime-recovery-after-budget-shock,54,1571274,deadline_reached,99,1,70,202300.0,False,False,34,20,45,99
none,overtime-recovery-after-budget-shock,55,1571275,completed,100,0,70,202300.0,False,False,35,20,45,100
none,overtime-recovery-after-budget-shock,56,1571276,completed,100,0,60,173400.0,False,False,35,20,45,100
none,overtime-recovery-after-budget-shock,57,1571277,deadline_reached,99,1,70,202300.0,False,False,34,20,45,99
none,overtime-recovery-after-budget-shock,58,1571278,completed,100,0,55,158950.0,False,False,35,20,45,100
none,overtime-recovery-after-budget-shock,59,1571279,deadline_reached,99,1,70,202300.0,False,False,34,20,45,99
none,overtime-recovery-after-budget-shock,60,1571280,completed,100,0,60,173400.0,False,False,35,20,45,100
none,overtime-recovery-after-budget-shock,61,1571281,completed,100,0,65,187850.0,False,False,35,20,45,100
none,overtime-recovery-after-budget-shock,62,1571282,completed,100,0,60,173400.0,False,False,35,20,45,100
none,overtime-recovery-after-budget-shock,63,1571283,completed,100,0,55,158950.0,False,False,35,20,45,100
none,overtime-recovery-after-budget-shock,64,1571284,completed,100,0,55,158950.0,False,False,35,20,45,100
none,overtime-recovery-after-budget-shock,65,1571285,completed,100,0,60,173400.0,False,False,35,20,45,100
none,overtime-recovery-after-budget-shock,66,1571286,completed,100,0,65,187850.0,False,False,35,20,45,100
none,overtime-recovery-after-budget-shock,67,1571287,completed,100,0,60,173400.0,False,False,35,20,45,100
none,overtime-recovery-after-budget-shock,68,1571288,completed,100,0,55,158950.0,False,False,35,20,45,100
none,overtime-recovery-after-budget-shock,69,1571289,deadline_reached,98,2,70,202300.0,False,False,33,20,45,98
none,overtime-recovery-after-budget-shock,70,1571290,completed,100,0,60,173400.0,False,False,35,20,45,100
none,overtime-recovery-after-budget-shock,71,1571291,completed,100,0,70,202300.0,False,False,35,20,45,100
none,overtime-recovery-after-budget-shock,72,1571292,completed,100,0,70,202300.0,False,False,35,20,45,100
none,overtime-recovery-after-budget-shock,73,1571293,completed,100,0,60,173400.0,False,False,35,20,45,100
none,overtime-recovery-after-budget-shock,74,1571294,completed,100,0,65,187850.0,False,False,35,20,45,100
none,overtime-recovery-after-budget-shock,75,1571295,completed,100,0,55,158950.0,False,False,35,20,45,100
none,overtime-recovery-after-budget-shock,76,1571296,completed,100,0,70,202300.0,False,False,35,20,45,100
none,overtime-recovery-after-budget-shock,77,1571297,completed,100,0,60,173400.0,False,False,35,20,45,100
none,overtime-recovery-after-budget-shock,78,1571298,completed,100,0,60,173400.0,False,False,35,20,45,100
none,overtime-recovery-after-budget-shock,79,1571299,completed,100,0,55,158950.0,False,False,35,20,45,100
none,overtime-recovery-after-budget-shock,80,1571300,completed,100,0,50,144500.0,False,False,35,20,45,100
none,overtime-recovery-after-budget-shock,81,1571301,completed,100,0,60,173400.0,False,False,35,20,45,100
none,overtime-recovery-after-budget-shock,82,1571302,completed,100,0,60,173400.0,False,False,35,20,45,100
none,overtime-recovery-after-budget-shock,83,1571303,completed,100,0,55,158950.0,False,False,35,20,45,100
none,overtime-recovery-after-budget-shock,84,1571304,completed,100,0,60,173400.0,False,False,35,20,45,100
none,overtime-recovery-after-budget-shock,85,1571305,completed,100,0,70,202300.0,False,False,35,20,45,100
none,overtime-recovery-after-budget-shock,86,1571306,completed,100,0,65,187850.0,False,False,35,20,45,100
none,overtime-recovery-after-budget-shock,87,1571307,completed,100,0,65,187850.0,False,False,35,20,45,100
none,overtime-recovery-after-budget-shock,88,1571308,completed,100,0,60,173400.0,False,False,35,20,45,100
none,overtime-recovery-after-budget-shock,89,1571309,completed,100,0,55,158950.0,False,False,35,20,45,100
none,overtime-recovery-after-budget-shock,90,1571310,completed,100,0,55,158950.0,False,False,35,20,45,100
none,overtime-recovery-after-budget-shock,91,1571311,completed,100,0,60,173400.0,False,False,35,20,45,100
none,overtime-recovery-after-budget-shock,92,1571312,completed,100,0,60,173400.0,False,False,35,20,45,100
none,overtime-recovery-after-budget-shock,93,1571313,completed,100,0,55,158950.0,False,False,35,20,45,100
none,overtime-recovery-after-budget-shock,94,1571314,completed,100,0,55,158950.0,False,False,35,20,45,100
none,overtime-recovery-after-budget-shock,95,1571315,completed,100,0,70,202300.0,False,False,35,20,45,100
none,overtime-recovery-after-budget-shock,96,1571316,completed,100,0,65,187850.0,False,False,35,20,45,100
none,overtime-recovery-after-budget-shock,97,1571317,completed,100,0,70,202300.0,False,False,35,20,45,100
none,overtime-recovery-after-budget-shock,98,1571318,completed,100,0,65,187850.0,False,False,35,20,45,100
none,overtime-recovery-after-budget-shock,99,1571319,completed,100,0,60,173400.0,False,False,35,20,45,100
none,overtime-recovery-after-budget-shock,100,1571320,completed,100,0,70,202300.0,False,False,35,20,45,100
none,overtime-recovery-after-budget-shock,101,1571321,deadline_reached,99,1,70,202300.0,False,False,34,20,45,99
none,overtime-recovery-after-budget-shock,102,1571322,completed,100,0,60,173400.0,False,False,35,20,45,100
none,overtime-recovery-after-budget-shock,103,1571323,completed,100,0,70,202300.0,False,False,35,20,45,100
none,overtime-recovery-after-budget-shock,104,1571324,completed,100,0,65,187850.0,False,False,35,20,45,100
none,overtime-recovery-after-budget-shock,105,1571325,completed,100,0,60,173400.0,False,False,35,20,45,100
none,overtime-recovery-after-budget-shock,106,1571326,completed,100,0,60,173400.0,False,False,35,20,45,100
none,overtime-recovery-after-budget-shock,107,1571327,completed,100,0,60,173400.0,False,False,35,20,45,100
none,overtime-recovery-after-budget-shock,108,1571328,completed,100,0,65,187850.0,False,False,35,20,45,100
none,overtime-recovery-after-budget-shock,109,1571329,completed,100,0,60,173400.0,False,False,35,20,45,100
none,overtime-recovery-after-budget-shock,110,1571330,completed,100,0,60,173400.0,False,False,35,20,45,100
none,overtime-recovery-after-budget-shock,111,1571331,completed,100,0,65,187850.0,False,False,35,20,45,100
none,overtime-recovery-after-budget-shock,112,1571332,completed,100,0,70,202300.0,False,False,35,20,45,100
none,overtime-recovery-after-budget-shock,113,1571333,deadline_reached,99,1,70,202300.0,False,False,34,20,45,99
none,overtime-recovery-after-budget-shock,114,1571334,completed,100,0,70,202300.0,False,False,35,20,45,100
none,overtime-recovery-after-budget-shock,115,1571335,completed,100,0,65,187850.0,False,False,35,20,45,100
none,overtime-recovery-after-budget-shock,116,1571336,completed,100,0,65,187850.0,False,False,35,20,45,100
none,overtime-recovery-after-budget-shock,117,1571337,completed,100,0,55,158950.0,False,False,35,20,45,100
none,overtime-recovery-after-budget-shock,118,1571338,completed,100,0,55,158950.0,False,False,35,20,45,100
none,overtime-recovery-after-budget-shock,119,1571339,completed,100,0,60,173400.0,False,False,35,20,45,100
none,overtime-recovery-after-budget-shock,120,1571340,completed,100,0,65,187850.0,False,False,35,20,45,100
none,overtime-recovery-after-budget-shock,121,1571341,completed,100,0,65,187850.0,False,False,35,20,45,100
none,overtime-recovery-after-budget-shock,122,1571342,completed,100,0,55,158950.0,False,False,35,20,45,100
none,overtime-recovery-after-budget-shock,123,1571343,completed,100,0,70,202300.0,False,False,35,20,45,100
none,overtime-recovery-after-budget-shock,124,1571344,completed,100,0,60,173400.0,False,False,35,20,45,100
none,overtime-recovery-after-budget-shock,125,1571345,completed,100,0,60,173400.0,False,False,35,20,45,100
none,overtime-recovery-after-budget-shock,126,1571346,completed,100,0,65,187850.0,False,False,35,20,45,100
none,overtime-recovery-after-budget-shock,127,1571347,deadline_reached,99,1,70,202300.0,False,False,34,20,45,99
none,overtime-recovery-after-budget-shock,128,1571348,completed,100,0,70,202300.0,False,False,35,20,45,100
none,overtime-recovery-after-budget-shock,129,1571349,completed,100,0,65,187850.0,False,False,35,20,45,100
none,overtime-recovery-after-budget-shock,130,1571350,completed,100,0,60,173400.0,False,False,35,20,45,100
none,overtime-recovery-after-budget-shock,131,1571351,completed,100,0,70,202300.0,False,False,35,20,45,100
none,overtime-recovery-after-budget-shock,132,1571352,completed,100,0,65,187850.0,False,False,35,20,45,100
none,overtime-recovery-after-budget-shock,133,1571353,completed,100,0,60,173400.0,False,False,35,20,45,100
none,overtime-recovery-after-budget-shock,134,1571354,completed,100,0,55,158950.0,False,False,35,20,45,100
none,overtime-recovery-after-budget-shock,135,1571355,completed,100,0,60,173400.0,False,False,35,20,45,100
none,overtime-recovery-after-budget-shock,136,1571356,completed,100,0,60,173400.0,False,False,35,20,45,100
none,overtime-recovery-after-budget-shock,137,1571357,completed,100,0,70,202300.0,False,False,35,20,45,100
none,overtime-recovery-after-budget-shock,138,1571358,completed,100,0,65,187850.0,False,False,35,20,45,100
none,overtime-recovery-after-budget-shock,139,1571359,completed,100,0,55,158950.0,False,False,35,20,45,100
none,overtime-recovery-after-budget-shock,140,1571360,completed,100,0,60,173400.0,False,False,35,20,45,100
none,overtime-recovery-after-budget-shock,141,1571361,completed,100,0,55,158950.0,False,False,35,20,45,100
none,overtime-recovery-after-budget-shock,142,1571362,completed,100,0,70,202300.0,False,False,35,20,45,100
none,overtime-recovery-after-budget-shock,143,1571363,deadline_reached,99,1,70,202300.0,False,False,34,20,45,99
none,overtime-recovery-after-budget-shock,144,1571364,completed,100,0,65,187850.0,False,False,35,20,45,100
none,overtime-recovery-after-budget-shock,145,1571365,deadline_reached,99,1,70,202300.0,False,False,34,20,45,99
none,overtime-recovery-after-budget-shock,146,1571366,completed,100,0,65,187850.0,False,False,35,20,45,100
none,overtime-recovery-after-budget-shock,147,1571367,completed,100,0,60,173400.0,False,False,35,20,45,100
none,overtime-recovery-after-budget-shock,148,1571368,completed,100,0,60,173400.0,False,False,35,20,45,100
none,overtime-recovery-after-budget-shock,149,1571369,completed,100,0,70,202300.0,False,False,35,20,45,100
none,overtime-recovery-after-budget-shock,150,1571370,completed,100,0,70,202300.0,False,False,35,20,45,100
none,overtime-recovery-after-budget-shock,151,1571371,completed,100,0,65,187850.0,False,False,35,20,45,100
none,overtime-recovery-after-budget-shock,152,1571372,completed,100,0,60,173400.0,False,False,35,20,45,100
none,overtime-recovery-after-budget-shock,153,1571373,completed,100,0,55,158950.0,False,False,35,20,45,100
none,overtime-recovery-after-budget-shock,154,1571374,completed,100,0,65,187850.0,False,False,35,20,45,100
none,overtime-recovery-after-budget-shock,155,1571375,completed,100,0,60,173400.0,False,False,35,20,45,100
none,overtime-recovery-after-budget-shock,156,1571376,completed,100,0,55,158950.0,False,False,35,20,45,100
none,overtime-recovery-after-budget-shock,157,1571377,completed,100,0,60,173400.0,False,False,35,20,45,100
none,overtime-recovery-after-budget-shock,158,1571378,completed,100,0,70,202300.0,False,False,35,20,45,100
none,overtime-recovery-after-budget-shock,159,1571379,completed,100,0,70,202300.0,False,False,35,20,45,100
none,overtime-recovery-after-budget-shock,160,1571380,completed,100,0,65,187850.0,False,False,35,20,45,100
none,overtime-recovery-after-budget-shock,161,1571381,completed,100,0,60,173400.0,False,False,35,20,45,100
none,overtime-recovery-after-budget-shock,162,1571382,completed,100,0,55,158950.0,False,False,35,20,45,100
none,overtime-recovery-after-budget-shock,163,1571383,completed,100,0,65,187850.0,False,False,35,20,45,100
none,overtime-recovery-after-budget-shock,164,1571384,completed,100,0,70,202300.0,False,False,35,20,45,100
none,overtime-recovery-after-budget-shock,165,1571385,completed,100,0,60,173400.0,False,False,35,20,45,100
none,overtime-recovery-after-budget-shock,166,1571386,completed,100,0,55,158950.0,False,False,35,20,45,100
none,overtime-recovery-after-budget-shock,167,1571387,completed,100,0,70,202300.0,False,False,35,20,45,100
none,overtime-recovery-after-budget-shock,168,1571388,completed,100,0,65,187850.0,False,False,35,20,45,100
none,overtime-recovery-after-budget-shock,169,1571389,deadline_reached,99,1,70,202300.0,False,False,34,20,45,99
none,overtime-recovery-after-budget-shock,170,1571390,completed,100,0,60,173400.0,False,False,35,20,45,100
none,overtime-recovery-after-budget-shock,171,1571391,completed,100,0,65,187850.0,False,False,35,20,45,100
none,overtime-recovery-after-budget-shock,172,1571392,deadline_reached,99,1,70,202300.0,False,False,34,20,45,99
none,overtime-recovery-after-budget-shock,173,1571393,completed,100,0,70,202300.0,False,False,35,20,45,100
none,overtime-recovery-after-budget-shock,174,1571394,completed,100,0,60,173400.0,False,False,35,20,45,100
none,overtime-recovery-after-budget-shock,175,1571395,deadline_reached,99,1,70,202300.0,False,False,34,20,45,99
none,overtime-recovery-after-budget-shock,176,1571396,completed,100,0,60,173400.0,False,False,35,20,45,100
none,overtime-recovery-after-budget-shock,177,1571397,completed,100,0,65,187850.0,False,False,35,20,45,100
none,overtime-recovery-after-budget-shock,178,1571398,completed,100,0,60,173400.0,False,False,35,20,45,100
none,overtime-recovery-after-budget-shock,179,1571399,completed,100,0,60,173400.0,False,False,35,20,45,100
none,overtime-recovery-after-budget-shock,180,1571400,completed,100,0,70,202300.0,False,False,35,20,45,100
none,overtime-recovery-after-budget-shock,181,1571401,completed,100,0,65,187850.0,False,False,35,20,45,100
none,overtime-recovery-after-budget-shock,182,1571402,completed,100,0,60,173400.0,False,False,35,20,45,100
none,overtime-recovery-after-budget-shock,183,1571403,completed,100,0,55,158950.0,False,False,35,20,45,100
none,overtime-recovery-after-budget-shock,184,1571404,completed,100,0,65,187850.0,False,False,35,20,45,100
none,overtime-recovery-after-budget-shock,185,1571405,completed,100,0,60,173400.0,False,False,35,20,45,100
none,overtime-recovery-after-budget-shock,186,1571406,completed,100,0,60,173400.0,False,False,35,20,45,100
none,overtime-recovery-after-budget-shock,187,1571407,completed,100,0,60,173400.0,False,False,35,20,45,100
none,overtime-recovery-after-budget-shock,188,1571408,completed,100,0,65,187850.0,False,False,35,20,45,100
none,overtime-recovery-after-budget-shock,189,1571409,completed,100,0,70,202300.0,False,False,35,20,45,100
none,overtime-recovery-after-budget-shock,190,1571410,completed,100,0,65,187850.0,False,False,35,20,45,100
none,overtime-recovery-after-budget-shock,191,1571411,completed,100,0,60,173400.0,False,False,35,20,45,100
none,overtime-recovery-after-budget-shock,192,1571412,completed,100,0,70,202300.0,False,False,35,20,45,100
none,overtime-recovery-after-budget-shock,193,1571413,completed,100,0,70,202300.0,False,False,35,20,45,100
none,overtime-recovery-after-budget-shock,194,1571414,completed,100,0,60,173400.0,False,False,35,20,45,100
none,overtime-recovery-after-budget-shock,195,1571415,deadline_reached,99,1,70,202300.0,False,False,34,20,45,99
none,overtime-recovery-after-budget-shock,196,1571416,completed,100,0,60,173400.0,False,False,35,20,45,100
none,overtime-recovery-after-budget-shock,197,1571417,deadline_reached,99,1,70,202300.0,False,False,34,20,45,99
none,overtime-recovery-after-budget-shock,198,1571418,completed,100,0,70,202300.0,False,False,35,20,45,100
none,overtime-recovery-after-budget-shock,199,1571419,completed,100,0,60,173400.0,False,False,35,20,45,100
semi,low-cost-staffing,0,1571220,deadline_reached,66,34,70,116900.0,False,False,18,20,45,83
semi,low-cost-staffing,1,1571221,deadline_reached,58,42,70,116900.0,False,False,15,20,45,80
semi,low-cost-staffing,2,1571222,deadline_reached,67,33,70,116900.0,False,False,19,20,45,84
semi,low-cost-staffing,3,1571223,deadline_reached,72,28,70,116900.0,False,False,21,20,45,86
semi,low-cost-staffing,4,1571224,deadline_reached,60,40,70,116900.0,False,False,16,20,45,81
semi,low-cost-staffing,5,1571225,deadline_reached,65,35,70,116900.0,False,False,18,20,45,83
semi,low-cost-staffing,6,1571226,deadline_reached,58,42,70,116900.0,False,False,15,20,45,80
semi,low-cost-staffing,7,1571227,deadline_reached,64,36,70,116900.0,False,False,17,20,45,82
semi,low-cost-staffing,8,1571228,deadline_reached,72,28,70,116900.0,False,False,21,20,45,86
semi,low-cost-staffing,9,1571229,deadline_reached,77,23,70,116900.0,False,False,23,20,45,88
semi,low-cost-staffing,10,1571230,deadline_reached,77,23,70,116900.0,False,False,23,20,45,88
semi,low-cost-staffing,11,1571231,deadline_reached,67,33,70,116900.0,False,False,19,20,45,84
semi,low-cost-staffing,12,1571232,deadline_reached,77,23,70,116900.0,False,False,23,20,45,88
semi,low-cost-staffing,13,1571233,deadline_reached,61,39,70,116900.0,False,False,16,20,45,81
semi,low-cost-staffing,14,1571234,deadline_reached,64,36,70,116900.0,False,False,17,20,45,82
semi,low-cost-staffing,15,1571235,deadline_reached,55,45,70,116900.0,False,False,14,20,45,79
semi,low-cost-staffing,16,1571236,deadline_reached,64,36,70,116900.0,False,False,17,20,45,82
semi,low-cost-staffing,17,1571237,deadline_reached,64,36,70,116900.0,False,False,17,20,45,82
semi,low-cost-staffing,18,1571238,deadline_reached,61,39,70,116900.0,False,False,16,20,45,81
semi,low-cost-staffing,19,1571239,deadline_reached,61,39,70,116900.0,False,False,16,20,45,81
semi,low-cost-staffing,20,1571240,deadline_reached,65,35,70,116900.0,False,False,18,20,45,83
semi,low-cost-staffing,21,1571241,deadline_reached,62,38,70,116900.0,False,False,17,20,45,82
semi,low-cost-staffing,22,1571242,deadline_reached,63,37,70,116900.0,False,False,17,20,45,82
semi,low-cost-staffing,23,1571243,deadline_reached,57,43,70,116900.0,False,False,15,20,45,80
semi,low-cost-staffing,24,1571244,deadline_reached,64,36,70,116900.0,False,False,17,20,45,82
semi,low-cost-staffing,25,1571245,deadline_reached,66,34,70,116900.0,False,False,18,20,45,83
semi,low-cost-staffing,26,1571246,deadline_reached,59,41,70,116900.0,False,False,15,20,45,80
semi,low-cost-staffing,27,1571247,deadline_reached,68,32,70,116900.0,False,False,19,20,45,84
semi,low-cost-staffing,28,1571248,deadline_reached,57,43,70,116900.0,False,False,15,20,45,80
semi,low-cost-staffing,29,1571249,deadline_reached,61,39,70,116900.0,False,False,16,20,45,81
semi,low-cost-staffing,30,1571250,deadline_reached,54,46,70,116900.0,False,False,13,20,45,78
semi,low-cost-staffing,31,1571251,deadline_reached,60,40,70,116900.0,False,False,16,20,45,81
semi,low-cost-staffing,32,1571252,deadline_reached,54,46,70,116900.0,False,False,13,20,45,78
semi,low-cost-staffing,33,1571253,deadline_reached,55,45,70,116900.0,False,False,14,20,45,79
semi,low-cost-staffing,34,1571254,deadline_reached,59,41,70,116900.0,False,False,15,20,45,80
semi,low-cost-staffing,35,1571255,deadline_reached,61,39,70,116900.0,False,False,16,20,45,81
semi,low-cost-staffing,36,1571256,deadline_reached,62,38,70,116900.0,False,False,17,20,45,82
semi,low-cost-staffing,37,1571257,deadline_reached,59,41,70,116900.0,False,False,15,20,45,80
semi,low-cost-staffing,38,1571258,deadline_reached,64,36,70,116900.0,False,False,17,20,45,82
semi,low-cost-staffing,39,1571259,deadline_reached,59,41,70,116900.0,False,False,15,20,45,80
semi,low-cost-staffing,40,1571260,deadline_reached,61,39,70,116900.0,False,False,16,20,45,81
semi,low-cost-staffing,41,1571261,deadline_reached,64,36,70,116900.0,False,False,17,20,45,82
semi,low-cost-staffing,42,1571262,deadline_reached,56,44,70,116900.0,False,False,14,20,45,79
semi,low-cost-staffing,43,1571263,deadline_reached,63,37,70,116900.0,False,False,17,20,45,82
semi,low-cost-staffing,44,1571264,deadline_reached,60,40,70,116900.0,False,False,16,20,45,81
semi,low-cost-staffing,45,1571265,deadline_reached,62,38,70,116900.0,False,False,17,20,45,82
semi,low-cost-staffing,46,1571266,deadline_reached,63,37,70,116900.0,False,False,17,20,45,82
semi,low-cost-staffing,47,1571267,deadline_reached,68,32,70,116900.0,False,False,19,20,45,84
semi,low-cost-staffing,48,1571268,deadline_reached,66,34,70,116900.0,False,False,18,20,45,83
semi,low-cost-staffing,49,1571269,deadline_reached,66,34,70,116900.0,False,False,18,20,45,83
semi,low-cost-staffing,50,1571270,deadline_reached,60,40,70,116900.0,False,False,16,20,45,81
semi,low-cost-staffing,51,1571271,deadline_reached,65,35,70,116900.0,False,False,18,20,45,83
semi,low-cost-staffing,52,1571272,deadline_reached,53,47,70,116900.0,False,False,13,20,45,78
semi,low-cost-staffing,53,1571273,deadline_reached,55,45,70,116900.0,False,False,14,20,45,79
semi,low-cost-staffing,54,1571274,deadline_reached,67,33,70,116900.0,False,False,19,20,45,84
semi,low-cost-staffing,55,1571275,deadline_reached,65,35,70,116900.0,False,False,18,20,45,83
semi,low-cost-staffing,56,1571276,deadline_reached,65,35,70,116900.0,False,False,18,20,45,83
semi,low-cost-staffing,57,1571277,deadline_reached,61,39,70,116900.0,False,False,16,20,45,81
semi,low-cost-staffing,58,1571278,deadline_reached,57,43,70,116900.0,False,False,15,20,45,80
semi,low-cost-staffing,59,1571279,deadline_reached,71,29,70,116900.0,False,False,20,20,45,85
semi,low-cost-staffing,60,1571280,deadline_reached,66,34,70,116900.0,False,False,18,20,45,83
semi,low-cost-staffing,61,1571281,deadline_reached,73,27,70,116900.0,False,False,21,20,45,86
semi,low-cost-staffing,62,1571282,deadline_reached,69,31,70,116900.0,False,False,20,20,45,85
semi,low-cost-staffing,63,1571283,deadline_reached,64,36,70,116900.0,False,False,17,20,45,82
semi,low-cost-staffing,64,1571284,deadline_reached,67,33,70,116900.0,False,False,19,20,45,84
semi,low-cost-staffing,65,1571285,deadline_reached,60,40,70,116900.0,False,False,16,20,45,81
semi,low-cost-staffing,66,1571286,deadline_reached,58,42,70,116900.0,False,False,15,20,45,80
semi,low-cost-staffing,67,1571287,deadline_reached,59,41,70,116900.0,False,False,15,20,45,80
semi,low-cost-staffing,68,1571288,deadline_reached,61,39,70,116900.0,False,False,16,20,45,81
semi,low-cost-staffing,69,1571289,deadline_reached,59,41,70,116900.0,False,False,15,20,45,80
semi,low-cost-staffing,70,1571290,deadline_reached,71,29,70,116900.0,False,False,20,20,45,85
semi,low-cost-staffing,71,1571291,deadline_reached,72,28,70,116900.0,False,False,21,20,45,86
semi,low-cost-staffing,72,1571292,deadline_reached,71,29,70,116900.0,False,False,20,20,45,85
semi,low-cost-staffing,73,1571293,deadline_reached,69,31,70,116900.0,False,False,20,20,45,85
semi,low-cost-staffing,74,1571294,deadline_reached,71,29,70,116900.0,False,False,20,20,45,85
semi,low-cost-staffing,75,1571295,deadline_reached,68,32,70,116900.0,False,False,19,20,45,84
semi,low-cost-staffing,76,1571296,deadline_reached,72,28,70,116900.0,False,False,21,20,45,86
semi,low-cost-staffing,77,1571297,deadline_reached,64,36,70,116900.0,False,False,17,20,45,82
semi,low-cost-staffing,78,1571298,deadline_reached,71,29,70,116900.0,False,False,20,20,45,85
semi,low-cost-staffing,79,1571299,deadline_reached,62,38,70,116900.0,False,False,17,20,45,82
semi,low-cost-staffing,80,1571300,deadline_reached,63,37,70,116900.0,False,False,17,20,45,82
semi,low-cost-staffing,81,1571301,deadline_reached,56,44,70,116900.0,False,False,14,20,45,79
semi,low-cost-staffing,82,1571302,deadline_reached,66,34,70,116900.0,False,False,18,20,45,83
semi,low-cost-staffing,83,1571303,deadline_reached,69,31,70,116900.0,False,False,20,20,45,85
semi,low-cost-staffing,84,1571304,deadline_reached,69,31,70,116900.0,False,False,20,20,45,85
semi,low-cost-staffing,85,1571305,deadline_reached,74,26,70,116900.0,False,False,22,20,45,87
semi,low-cost-staffing,86,1571306,deadline_reached,59,41,70,116900.0,False,False,15,20,45,80
semi,low-cost-staffing,87,1571307,deadline_reached,56,44,70,116900.0,False,False,14,20,45,79
semi,low-cost-staffing,88,1571308,deadline_reached,65,35,70,116900.0,False,False,18,20,45,83
semi,low-cost-staffing,89,1571309,deadline_reached,68,32,70,116900.0,False,False,19,20,45,84
semi,low-cost-staffing,90,1571310,deadline_reached,66,34,70,116900.0,False,False,18,20,45,83
semi,low-cost-staffing,91,1571311,deadline_reached,66,34,70,116900.0,False,False,18,20,45,83
semi,low-cost-staffing,92,1571312,deadline_reached,62,38,70,116900.0,False,False,17,20,45,82
semi,low-cost-staffing,93,1571313,deadline_reached,69,31,70,116900.0,False,False,20,20,45,85
semi,low-cost-staffing,94,1571314,deadline_reached,58,42,70,116900.0,False,False,15,20,45,80
semi,low-cost-staffing,95,1571315,deadline_reached,51,49,70,116900.0,False,False,12,20,45,77
semi,low-cost-staffing,96,1571316,deadline_reached,64,36,70,116900.0,False,False,17,20,45,82
semi,low-cost-staffing,97,1571317,deadline_reached,63,37,70,116900.0,False,False,17,20,45,82
semi,low-cost-staffing,98,1571318,deadline_reached,69,31,70,116900.0,False,False,20,20,45,85
semi,low-cost-staffing,99,1571319,deadline_reached,56,44,70,116900.0,False,False,14,20,45,79
semi,low-cost-staffing,100,1571320,deadline_reached,65,35,70,116900.0,False,False,18,20,45,83
semi,low-cost-staffing,101,1571321,deadline_reached,56,44,70,116900.0,False,False,14,20,45,79
semi,low-cost-staffing,102,1571322,deadline_reached,61,39,70,116900.0,False,False,16,20,45,81
semi,low-cost-staffing,103,1571323,deadline_reached,53,47,70,116900.0,False,False,13,20,45,78
semi,low-cost-staffing,104,1571324,deadline_reached,56,44,70,116900.0,False,False,14,20,45,79
semi,low-cost-staffing,105,1571325,deadline_reached,60,40,70,116900.0,False,False,16,20,45,81
semi,low-cost-staffing,106,1571326,deadline_reached,67,33,70,116900.0,False,False,19,20,45,84
semi,low-cost-staffing,107,1571327,deadline_reached,63,37,70,116900.0,False,False,17,20,45,82
semi,low-cost-staffing,108,1571328,deadline_reached,58,42,70,116900.0,False,False,15,20,45,80
semi,low-cost-staffing,109,1571329,deadline_reached,65,35,70,116900.0,False,False,18,20,45,83
semi,low-cost-staffing,110,1571330,deadline_reached,66,34,70,116900.0,False,False,18,20,45,83
semi,low-cost-staffing,111,1571331,deadline_reached,65,35,70,116900.0,False,False,18,20,45,83
semi,low-cost-staffing,112,1571332,deadline_reached,60,40,70,116900.0,False,False,16,20,45,81
semi,low-cost-staffing,113,1571333,deadline_reached,54,46,70,116900.0,False,False,13,20,45,78
semi,low-cost-staffing,114,1571334,deadline_reached,60,40,70,116900.0,False,False,16,20,45,81
semi,low-cost-staffing,115,1571335,deadline_reached,51,49,70,116900.0,False,False,12,20,45,77
semi,low-cost-staffing,116,1571336,deadline_reached,60,40,70,116900.0,False,False,16,20,45,81
semi,low-cost-staffing,117,1571337,deadline_reached,59,41,70,116900.0,False,False,15,20,45,80
semi,low-cost-staffing,118,1571338,deadline_reached,63,37,70,116900.0,False,False,17,20,45,82
semi,low-cost-staffing,119,1571339,deadline_reached,65,35,70,116900.0,False,False,18,20,45,83
semi,low-cost-staffing,120,1571340,deadline_reached,61,39,70,116900.0,False,False,16,20,45,81
semi,low-cost-staffing,121,1571341,deadline_reached,67,33,70,116900.0,False,False,19,20,45,84
semi,low-cost-staffing,122,1571342,deadline_reached,62,38,70,116900.0,False,False,17,20,45,82
semi,low-cost-staffing,123,1571343,deadline_reached,54,46,70,116900.0,False,False,13,20,45,78
semi,low-cost-staffing,124,1571344,deadline_reached,61,39,70,116900.0,False,False,16,20,45,81
semi,low-cost-staffing,125,1571345,deadline_reached,63,37,70,116900.0,False,False,17,20,45,82
semi,low-cost-staffing,126,1571346,deadline_reached,64,36,70,116900.0,False,False,17,20,45,82
semi,low-cost-staffing,127,1571347,deadline_reached,71,29,70,116900.0,False,False,20,20,45,85
semi,low-cost-staffing,128,1571348,deadline_reached,71,29,70,116900.0,False,False,20,20,45,85
semi,low-cost-staffing,129,1571349,deadline_reached,61,39,70,116900.0,False,False,16,20,45,81
semi,low-cost-staffing,130,1571350,deadline_reached,60,40,70,116900.0,False,False,16,20,45,81
semi,low-cost-staffing,131,1571351,deadline_reached,59,41,70,116900.0,False,False,15,20,45,80
semi,low-cost-staffing,132,1571352,deadline_reached,59,41,70,116900.0,False,False,15,20,45,80
semi,low-cost-staffing,133,1571353,deadline_reached,59,41,70,116900.0,False,False,15,20,45,80
semi,low-cost-staffing,134,1571354,deadline_reached,61,39,70,116900.0,False,False,16,20,45,81
semi,low-cost-staffing,135,1571355,deadline_reached,50,50,70,116900.0,False,False,12,20,45,77
semi,low-cost-staffing,136,1571356,deadline_reached,60,40,70,116900.0,False,False,16,20,45,81
semi,low-cost-staffing,137,1571357,deadline_reached,55,45,70,116900.0,False,False,14,20,45,79
semi,low-cost-staffing,138,1571358,deadline_reached,63,37,70,116900.0,False,False,17,20,45,82
semi,low-cost-staffing,139,1571359,deadline_reached,49,51,70,116900.0,False,False,12,20,45,77
semi,low-cost-staffing,140,1571360,deadline_reached,65,35,70,116900.0,False,False,18,20,45,83
semi,low-cost-staffing,141,1571361,deadline_reached,56,44,70,116900.0,False,False,14,20,45,79
semi,low-cost-staffing,142,1571362,deadline_reached,65,35,70,116900.0,False,False,18,20,45,83
semi,low-cost-staffing,143,1571363,deadline_reached,52,48,70,116900.0,False,False,13,20,45,78
semi,low-cost-staffing,144,1571364,deadline_reached,69,31,70,116900.0,False,False,20,20,45,85
semi,low-cost-staffing,145,1571365,deadline_reached,59,41,70,116900.0,False,False,15,20,45,80
semi,low-cost-staffing,146,1571366,deadline_reached,53,47,70,116900.0,False,False,13,20,45,78
semi,low-cost-staffing,147,1571367,deadline_reached,63,37,70,116900.0,False,False,17,20,45,82
semi,low-cost-staffing,148,1571368,deadline_reached,63,37,70,116900.0,False,False,17,20,45,82
semi,low-cost-staffing,149,1571369,deadline_reached,62,38,70,116900.0,False,False,17,20,45,82
semi,low-cost-staffing,150,1571370,deadline_reached,69,31,70,116900.0,False,False,20,20,45,85
semi,low-cost-staffing,151,1571371,deadline_reached,69,31,70,116900.0,False,False,20,20,45,85
semi,low-cost-staffing,152,1571372,deadline_reached,54,46,70,116900.0,False,False,13,20,45,78
semi,low-cost-staffing,153,1571373,deadline_reached,63,37,70,116900.0,False,False,17,20,45,82
semi,low-cost-staffing,154,1571374,deadline_reached,63,37,70,116900.0,False,False,17,20,45,82
semi,low-cost-staffing,155,1571375,deadline_reached,70,30,70,116900.0,False,False,20,20,45,85
semi,low-cost-staffing,156,1571376,deadline_reached,65,35,70,116900.0,False,False,18,20,45,83
semi,low-cost-staffing,157,1571377,deadline_reached,62,38,70,116900.0,False,False,17,20,45,82
semi,low-cost-staffing,158,1571378,deadline_reached,66,34,70,116900.0,False,False,18,20,45,83
semi,low-cost-staffing,159,1571379,deadline_reached,69,31,70,116900.0,False,False,20,20,45,85
semi,low-cost-staffing,160,1571380,deadline_reached,68,32,70,116900.0,False,False,19,20,45,84
semi,low-cost-staffing,161,1571381,deadline_reached,67,33,70,116900.0,False,False,19,20,45,84
semi,low-cost-staffing,162,1571382,deadline_reached,58,42,70,116900.0,False,False,15,20,45,80
semi,low-cost-staffing,163,1571383,deadline_reached,60,40,70,116900.0,False,False,16,20,45,81
semi,low-cost-staffing,164,1571384,deadline_reached,64,36,70,116900.0,False,False,17,20,45,82
semi,low-cost-staffing,165,1571385,deadline_reached,60,40,70,116900.0,False,False,16,20,45,81
semi,low-cost-staffing,166,1571386,deadline_reached,66,34,70,116900.0,False,False,18,20,45,83
semi,low-cost-staffing,167,1571387,deadline_reached,66,34,70,116900.0,False,False,18,20,45,83
semi,low-cost-staffing,168,1571388,deadline_reached,58,42,70,116900.0,False,False,15,20,45,80
semi,low-cost-staffing,169,1571389,deadline_reached,63,37,70,116900.0,False,False,17,20,45,82
semi,low-cost-staffing,170,1571390,deadline_reached,68,32,70,116900.0,False,False,19,20,45,84
semi,low-cost-staffing,171,1571391,deadline_reached,63,37,70,116900.0,False,False,17,20,45,82
semi,low-cost-staffing,172,1571392,deadline_reached,64,36,70,116900.0,False,False,17,20,45,82
semi,low-cost-staffing,173,1571393,deadline_reached,65,35,70,116900.0,False,False,18,20,45,83
semi,low-cost-staffing,174,1571394,deadline_reached,70,30,70,116900.0,False,False,20,20,45,85
semi,low-cost-staffing,175,1571395,deadline_reached,71,29,70,116900.0,False,False,20,20,45,85
semi,low-cost-staffing,176,1571396,deadline_reached,69,31,70,116900.0,False,False,20,20,45,85
semi,low-cost-staffing,177,1571397,deadline_reached,69,31,70,116900.0,False,False,20,20,45,85
semi,low-cost-staffing,178,1571398,deadline_reached,65,35,70,116900.0,False,False,18,20,45,83
semi,low-cost-staffing,179,1571399,deadline_reached,66,34,70,116900.0,False,False,18,20,45,83
semi,low-cost-staffing,180,1571400,deadline_reached,70,30,70,116900.0,False,False,20,20,45,85
semi,low-cost-staffing,181,1571401,deadline_reached,63,37,70,116900.0,False,False,17,20,45,82
semi,low-cost-staffing,182,1571402,deadline_reached,66,34,70,116900.0,False,False,18,20,45,83
semi,low-cost-staffing,183,1571403,deadline_reached,69,31,70,116900.0,False,False,20,20,45,85
semi,low-cost-staffing,184,1571404,deadline_reached,65,35,70,116900.0,False,False,18,20,45,83
semi,low-cost-staffing,185,1571405,deadline_reached,56,44,70,116900.0,False,False,14,20,45,79
semi,low-cost-staffing,186,1571406,deadline_reached,63,37,70,116900.0,False,False,17,20,45,82
semi,low-cost-staffing,187,1571407,deadline_reached,64,36,70,116900.0,False,False,17,20,45,82
semi,low-cost-staffing,188,1571408,deadline_reached,56,44,70,116900.0,False,False,14,20,45,79
semi,low-cost-staffing,189,1571409,deadline_reached,58,42,70,116900.0,False,False,15,20,45,80
semi,low-cost-staffing,190,1571410,deadline_reached,68,32,70,116900.0,False,False,19,20,45,84
semi,low-cost-staffing,191,1571411,deadline_reached,76,24,70,116900.0,False,False,23,20,45,88
semi,low-cost-staffing,192,1571412,deadline_reached,60,40,70,116900.0,False,False,16,20,45,81
semi,low-cost-staffing,193,1571413,deadline_reached,48,52,70,116900.0,False,False,11,20,45,76
semi,low-cost-staffing,194,1571414,deadline_reached,65,35,70,116900.0,False,False,18,20,45,83
semi,low-cost-staffing,195,1571415,deadline_reached,54,46,70,116900.0,False,False,13,20,45,78
semi,low-cost-staffing,196,1571416,deadline_reached,64,36,70,116900.0,False,False,17,20,45,82
semi,low-cost-staffing,197,1571417,deadline_reached,60,40,70,116900.0,False,False,16,20,45,81
semi,low-cost-staffing,198,1571418,deadline_reached,60,40,70,116900.0,False,False,16,20,45,81
semi,low-cost-staffing,199,1571419,deadline_reached,62,38,70,116900.0,False,False,17,20,45,82
semi,senior-heavy-delivery,0,1571220,completed,100,0,55,236500.0,False,True,35,20,45,100
semi,senior-heavy-delivery,1,1571221,completed,100,0,55,236500.0,False,True,35,20,45,100
semi,senior-heavy-delivery,2,1571222,completed,100,0,55,236500.0,False,True,35,20,45,100
semi,senior-heavy-delivery,3,1571223,completed,100,0,40,172000.0,False,False,35,20,45,100
semi,senior-heavy-delivery,4,1571224,completed,100,0,45,193500.0,False,False,35,20,45,100
semi,senior-heavy-delivery,5,1571225,completed,100,0,40,172000.0,False,False,35,20,45,100
semi,senior-heavy-delivery,6,1571226,completed,100,0,45,193500.0,False,False,35,20,45,100
semi,senior-heavy-delivery,7,1571227,completed,100,0,45,193500.0,False,False,35,20,45,100
semi,senior-heavy-delivery,8,1571228,completed,100,0,55,236500.0,False,True,35,20,45,100
semi,senior-heavy-delivery,9,1571229,completed,100,0,45,193500.0,False,False,35,20,45,100
semi,senior-heavy-delivery,10,1571230,completed,100,0,55,236500.0,False,True,35,20,45,100
semi,senior-heavy-delivery,11,1571231,completed,100,0,45,193500.0,False,False,35,20,45,100
semi,senior-heavy-delivery,12,1571232,completed,100,0,50,215000.0,False,True,35,20,45,100
semi,senior-heavy-delivery,13,1571233,completed,100,0,65,279500.0,True,True,35,20,30,85
semi,senior-heavy-delivery,14,1571234,completed,100,0,50,215000.0,False,True,35,20,45,100
semi,senior-heavy-delivery,15,1571235,completed,100,0,45,193500.0,False,False,35,20,45,100
semi,senior-heavy-delivery,16,1571236,completed,100,0,45,193500.0,False,False,35,20,45,100
semi,senior-heavy-delivery,17,1571237,completed,100,0,45,193500.0,False,False,35,20,45,100
semi,senior-heavy-delivery,18,1571238,completed,100,0,55,236500.0,False,True,35,20,45,100
semi,senior-heavy-delivery,19,1571239,completed,100,0,50,215000.0,False,True,35,20,45,100
semi,senior-heavy-delivery,20,1571240,completed,100,0,45,193500.0,False,False,35,20,45,100
semi,senior-heavy-delivery,21,1571241,completed,100,0,50,215000.0,False,True,35,20,45,100
semi,senior-heavy-delivery,22,1571242,completed,100,0,55,236500.0,False,True,35,20,45,100
semi,senior-heavy-delivery,23,1571243,completed,100,0,55,236500.0,False,True,35,20,45,100
semi,senior-heavy-delivery,24,1571244,completed,100,0,45,193500.0,False,False,35,20,45,100
semi,senior-heavy-delivery,25,1571245,completed,100,0,50,215000.0,False,True,35,20,45,100
semi,senior-heavy-delivery,26,1571246,completed,100,0,55,236500.0,False,True,35,20,45,100
semi,senior-heavy-delivery,27,1571247,completed,100,0,55,236500.0,False,True,35,20,45,100
semi,senior-heavy-delivery,28,1571248,completed,100,0,50,215000.0,False,True,35,20,45,100
semi,senior-heavy-delivery,29,1571249,completed,100,0,55,236500.0,False,True,35,20,45,100
semi,senior-heavy-delivery,30,1571250,completed,100,0,60,258000.0,True,True,35,20,39,94
semi,senior-heavy-delivery,31,1571251,completed,100,0,55,236500.0,False,True,35,20,45,100
semi,senior-heavy-delivery,32,1571252,completed,100,0,60,258000.0,True,True,35,20,39,94
semi,senior-heavy-delivery,33,1571253,completed,100,0,55,236500.0,False,True,35,20,45,100
semi,senior-heavy-delivery,34,1571254,completed,100,0,55,236500.0,False,True,35,20,45,100
semi,senior-heavy-delivery,35,1571255,completed,100,0,55,236500.0,False,True,35,20,45,100
semi,senior-heavy-delivery,36,1571256,completed,100,0,50,215000.0,False,True,35,20,45,100
semi,senior-heavy-delivery,37,1571257,completed,100,0,50,215000.0,False,True,35,20,45,100
semi,senior-heavy-delivery,38,1571258,completed,100,0,55,236500.0,False,True,35,20,45,100
semi,senior-heavy-delivery,39,1571259,completed,100,0,55,236500.0,False,True,35,20,45,100
semi,senior-heavy-delivery,40,1571260,completed,100,0,55,236500.0,False,True,35,20,45,100
semi,senior-heavy-delivery,41,1571261,completed,100,0,50,215000.0,False,True,35,20,45,100
semi,senior-heavy-delivery,42,1571262,completed,100,0,55,236500.0,False,True,35,20,45,100
semi,senior-heavy-delivery,43,1571263,completed,100,0,55,236500.0,False,True,35,20,45,100
semi,senior-heavy-delivery,44,1571264,completed,100,0,45,193500.0,False,False,35,20,45,100
semi,senior-heavy-delivery,45,1571265,completed,100,0,50,215000.0,False,True,35,20,45,100
semi,senior-heavy-delivery,46,1571266,completed,100,0,45,193500.0,False,False,35,20,45,100
semi,senior-heavy-delivery,47,1571267,completed,100,0,50,215000.0,False,True,35,20,45,100
semi,senior-heavy-delivery,48,1571268,completed,100,0,45,193500.0,False,False,35,20,45,100
semi,senior-heavy-delivery,49,1571269,completed,100,0,50,215000.0,False,True,35,20,45,100
semi,senior-heavy-delivery,50,1571270,completed,100,0,50,215000.0,False,True,35,20,45,100
semi,senior-heavy-delivery,51,1571271,completed,100,0,60,258000.0,True,True,35,20,39,94
semi,senior-heavy-delivery,52,1571272,completed,100,0,50,215000.0,False,True,35,20,45,100
semi,senior-heavy-delivery,53,1571273,completed,100,0,55,236500.0,False,True,35,20,45,100
semi,senior-heavy-delivery,54,1571274,completed,100,0,50,215000.0,False,True,35,20,45,100
semi,senior-heavy-delivery,55,1571275,completed,100,0,50,215000.0,False,True,35,20,45,100
semi,senior-heavy-delivery,56,1571276,completed,100,0,50,215000.0,False,True,35,20,45,100
semi,senior-heavy-delivery,57,1571277,completed,100,0,50,215000.0,False,True,35,20,45,100
semi,senior-heavy-delivery,58,1571278,completed,100,0,45,193500.0,False,False,35,20,45,100
semi,senior-heavy-delivery,59,1571279,completed,100,0,45,193500.0,False,False,35,20,45,100
semi,senior-heavy-delivery,60,1571280,completed,100,0,50,215000.0,False,True,35,20,45,100
semi,senior-heavy-delivery,61,1571281,completed,100,0,45,193500.0,False,False,35,20,45,100
semi,senior-heavy-delivery,62,1571282,completed,100,0,45,193500.0,False,False,35,20,45,100
semi,senior-heavy-delivery,63,1571283,completed,100,0,55,236500.0,False,True,35,20,45,100
semi,senior-heavy-delivery,64,1571284,completed,100,0,50,215000.0,False,True,35,20,45,100
semi,senior-heavy-delivery,65,1571285,completed,100,0,50,215000.0,False,True,35,20,45,100
semi,senior-heavy-delivery,66,1571286,completed,100,0,50,215000.0,False,True,35,20,45,100
semi,senior-heavy-delivery,67,1571287,completed,100,0,60,258000.0,True,True,35,20,39,94
semi,senior-heavy-delivery,68,1571288,completed,100,0,50,215000.0,False,True,35,20,45,100
semi,senior-heavy-delivery,69,1571289,completed,100,0,40,172000.0,False,False,35,20,45,100
semi,senior-heavy-delivery,70,1571290,completed,100,0,45,193500.0,False,False,35,20,45,100
semi,senior-heavy-delivery,71,1571291,completed,100,0,50,215000.0,False,True,35,20,45,100
semi,senior-heavy-delivery,72,1571292,completed,100,0,55,236500.0,False,True,35,20,45,100
semi,senior-heavy-delivery,73,1571293,completed,100,0,65,279500.0,True,True,35,20,30,85
semi,senior-heavy-delivery,74,1571294,completed,100,0,60,258000.0,True,True,35,20,39,94
semi,senior-heavy-delivery,75,1571295,completed,100,0,55,236500.0,False,True,35,20,45,100
semi,senior-heavy-delivery,76,1571296,completed,100,0,50,215000.0,False,True,35,20,45,100
semi,senior-heavy-delivery,77,1571297,completed,100,0,45,193500.0,False,False,35,20,45,100
semi,senior-heavy-delivery,78,1571298,completed,100,0,50,215000.0,False,True,35,20,45,100
semi,senior-heavy-delivery,79,1571299,completed,100,0,55,236500.0,False,True,35,20,45,100
semi,senior-heavy-delivery,80,1571300,completed,100,0,50,215000.0,False,True,35,20,45,100
semi,senior-heavy-delivery,81,1571301,completed,100,0,45,193500.0,False,False,35,20,45,100
semi,senior-heavy-delivery,82,1571302,completed,100,0,55,236500.0,False,True,35,20,45,100
semi,senior-heavy-delivery,83,1571303,completed,100,0,50,215000.0,False,True,35,20,45,100
semi,senior-heavy-delivery,84,1571304,completed,100,0,50,215000.0,False,True,35,20,45,100
semi,senior-heavy-delivery,85,1571305,completed,100,0,60,258000.0,True,True,35,20,39,94
semi,senior-heavy-delivery,86,1571306,completed,100,0,55,236500.0,False,True,35,20,45,100
semi,senior-heavy-delivery,87,1571307,completed,100,0,55,236500.0,False,True,35,20,45,100
semi,senior-heavy-delivery,88,1571308,completed,100,0,50,215000.0,False,True,35,20,45,100
semi,senior-heavy-delivery,89,1571309,completed,100,0,55,236500.0,False,True,35,20,45,100
semi,senior-heavy-delivery,90,1571310,completed,100,0,50,215000.0,False,True,35,20,45,100
semi,senior-heavy-delivery,91,1571311,completed,100,0,60,258000.0,True,True,35,20,39,94
semi,senior-heavy-delivery,92,1571312,completed,100,0,40,172000.0,False,False,35,20,45,100
semi,senior-heavy-delivery,93,1571313,completed,100,0,45,193500.0,False,False,35,20,45,100
semi,senior-heavy-delivery,94,1571314,completed,100,0,50,215000.0,False,True,35,20,45,100
semi,senior-heavy-delivery,95,1571315,completed,100,0,45,193500.0,False,False,35,20,45,100
semi,senior-heavy-delivery,96,1571316,completed,100,0,65,279500.0,True,True,35,20,30,85
semi,senior-heavy-delivery,97,1571317,completed,100,0,60,258000.0,True,True,35,20,39,94
semi,senior-heavy-delivery,98,1571318,completed,100,0,55,236500.0,False,True,35,20,45,100
semi,senior-heavy-delivery,99,1571319,completed,100,0,50,215000.0,False,True,35,20,45,100
semi,senior-heavy-delivery,100,1571320,completed,100,0,40,172000.0,False,False,35,20,45,100
semi,senior-heavy-delivery,101,1571321,completed,100,0,55,236500.0,False,True,35,20,45,100
semi,senior-heavy-delivery,102,1571322,completed,100,0,50,215000.0,False,True,35,20,45,100
semi,senior-heavy-delivery,103,1571323,completed,100,0,50,215000.0,False,True,35,20,45,100
semi,senior-heavy-delivery,104,1571324,completed,100,0,55,236500.0,False,True,35,20,45,100
semi,senior-heavy-delivery,105,1571325,completed,100,0,55,236500.0,False,True,35,20,45,100
semi,senior-heavy-delivery,106,1571326,completed,100,0,45,193500.0,False,False,35,20,45,100
semi,senior-heavy-delivery,107,1571327,completed,100,0,55,236500.0,False,True,35,20,45,100
semi,senior-heavy-delivery,108,1571328,completed,100,0,50,215000.0,False,True,35,20,45,100
semi,senior-heavy-delivery,109,1571329,completed,100,0,55,236500.0,False,True,35,20,45,100
semi,senior-heavy-delivery,110,1571330,completed,100,0,50,215000.0,False,True,35,20,45,100
semi,senior-heavy-delivery,111,1571331,completed,100,0,55,236500.0,False,True,35,20,45,100
semi,senior-heavy-delivery,112,1571332,completed,100,0,45,193500.0,False,False,35,20,45,100
semi,senior-heavy-delivery,113,1571333,completed,100,0,45,193500.0,False,False,35,20,45,100
semi,senior-heavy-delivery,114,1571334,completed,100,0,45,193500.0,False,False,35,20,45,100
semi,senior-heavy-delivery,115,1571335,completed,100,0,55,236500.0,False,True,35,20,45,100
semi,senior-heavy-delivery,116,1571336,completed,100,0,50,215000.0,False,True,35,20,45,100
semi,senior-heavy-delivery,117,1571337,completed,100,0,45,193500.0,False,False,35,20,45,100
semi,senior-heavy-delivery,118,1571338,completed,100,0,45,193500.0,False,False,35,20,45,100
semi,senior-heavy-delivery,119,1571339,completed,100,0,45,193500.0,False,False,35,20,45,100
semi,senior-heavy-delivery,120,1571340,completed,100,0,45,193500.0,False,False,35,20,45,100
semi,senior-heavy-delivery,121,1571341,completed,100,0,40,172000.0,False,False,35,20,45,100
semi,senior-heavy-delivery,122,1571342,completed,100,0,50,215000.0,False,True,35,20,45,100
semi,senior-heavy-delivery,123,1571343,completed,100,0,50,215000.0,False,True,35,20,45,100
semi,senior-heavy-delivery,124,1571344,completed,100,0,50,215000.0,False,True,35,20,45,100
semi,senior-heavy-delivery,125,1571345,completed,100,0,55,236500.0,False,True,35,20,45,100
semi,senior-heavy-delivery,126,1571346,completed,100,0,50,215000.0,False,True,35,20,45,100
semi,senior-heavy-delivery,127,1571347,completed,100,0,50,215000.0,False,True,35,20,45,100
semi,senior-heavy-delivery,128,1571348,completed,100,0,50,215000.0,False,True,35,20,45,100
semi,senior-heavy-delivery,129,1571349,completed,100,0,60,258000.0,True,True,35,20,39,94
semi,senior-heavy-delivery,130,1571350,completed,100,0,55,236500.0,False,True,35,20,45,100
semi,senior-heavy-delivery,131,1571351,completed,100,0,60,258000.0,True,True,35,20,39,94
semi,senior-heavy-delivery,132,1571352,completed,100,0,50,215000.0,False,True,35,20,45,100
semi,senior-heavy-delivery,133,1571353,completed,100,0,45,193500.0,False,False,35,20,45,100
semi,senior-heavy-delivery,134,1571354,completed,100,0,50,215000.0,False,True,35,20,45,100
semi,senior-heavy-delivery,135,1571355,completed,100,0,45,193500.0,False,False,35,20,45,100
semi,senior-heavy-delivery,136,1571356,completed,100,0,45,193500.0,False,False,35,20,45,100
semi,senior-heavy-delivery,137,1571357,completed,100,0,40,172000.0,False,False,35,20,45,100
semi,senior-heavy-delivery,138,1571358,completed,100,0,55,236500.0,False,True,35,20,45,100
semi,senior-heavy-delivery,139,1571359,completed,100,0,60,258000.0,True,True,35,20,39,94
semi,senior-heavy-delivery,140,1571360,completed,100,0,60,258000.0,True,True,35,20,39,94
semi,senior-heavy-delivery,141,1571361,completed,100,0,60,258000.0,True,True,35,20,39,94
semi,senior-heavy-delivery,142,1571362,completed,100,0,60,258000.0,True,True,35,20,39,94
semi,senior-heavy-delivery,143,1571363,completed,100,0,45,193500.0,False,False,35,20,45,100
semi,senior-heavy-delivery,144,1571364,completed,100,0,50,215000.0,False,True,35,20,45,100
semi,senior-heavy-delivery,145,1571365,completed,100,0,45,193500.0,False,False,35,20,45,100
semi,senior-heavy-delivery,146,1571366,completed,100,0,45,193500.0,False,False,35,20,45,100
semi,senior-heavy-delivery,147,1571367,completed,100,0,60,258000.0,True,True,35,20,39,94
semi,senior-heavy-delivery,148,1571368,completed,100,0,50,215000.0,False,True,35,20,45,100
semi,senior-heavy-delivery,149,1571369,completed,100,0,65,279500.0,True,True,35,20,30,85
semi,senior-heavy-delivery,150,1571370,completed,100,0,60,258000.0,True,True,35,20,39,94
semi,senior-heavy-delivery,151,1571371,completed,100,0,55,236500.0,False,True,35,20,45,100
semi,senior-heavy-delivery,152,1571372,completed,100,0,45,193500.0,False,False,35,20,45,100
semi,senior-heavy-delivery,153,1571373,completed,100,0,50,215000.0,False,True,35,20,45,100
semi,senior-heavy-delivery,154,1571374,completed,100,0,50,215000.0,False,True,35,20,45,100
semi,senior-heavy-delivery,155,1571375,completed,100,0,50,215000.0,False,True,35,20,45,100
semi,senior-heavy-delivery,156,1571376,completed,100,0,45,193500.0,False,False,35,20,45,100
semi,senior-heavy-delivery,157,1571377,completed,100,0,40,172000.0,False,False,35,20,45,100
semi,senior-heavy-delivery,158,1571378,completed,100,0,45,193500.0,False,False,35,20,45,100
semi,senior-heavy-delivery,159,1571379,completed,100,0,45,193500.0,False,False,35,20,45,100
semi,senior-heavy-delivery,160,1571380,completed,100,0,40,172000.0,False,False,35,20,45,100
semi,senior-heavy-delivery,161,1571381,completed,100,0,60,258000.0,True,True,35,20,39,94
semi,senior-heavy-delivery,162,1571382,completed,100,0,55,236500.0,False,True,35,20,45,100
semi,senior-heavy-delivery,163,1571383,completed,100,0,45,193500.0,False,False,35,20,45,100
semi,senior-heavy-delivery,164,1571384,completed,100,0,45,193500.0,False,False,35,20,45,100
semi,senior-heavy-delivery,165,1571385,completed,100,0,60,258000.0,True,True,35,20,39,94
semi,senior-heavy-delivery,166,1571386,completed,100,0,40,172000.0,False,False,35,20,45,100
semi,senior-heavy-delivery,167,1571387,completed,100,0,45,193500.0,False,False,35,20,45,100
semi,senior-heavy-delivery,168,1571388,completed,100,0,50,215000.0,False,True,35,20,45,100
semi,senior-heavy-delivery,169,1571389,completed,100,0,55,236500.0,False,True,35,20,45,100
semi,senior-heavy-delivery,170,1571390,completed,100,0,50,215000.0,False,True,35,20,45,100
semi,senior-heavy-delivery,171,1571391,completed,100,0,50,215000.0,False,True,35,20,45,100
semi,senior-heavy-delivery,172,1571392,completed,100,0,50,215000.0,False,True,35,20,45,100
semi,senior-heavy-delivery,173,1571393,completed,100,0,60,258000.0,True,True,35,20,39,94
semi,senior-heavy-delivery,174,1571394,completed,100,0,50,215000.0,False,True,35,20,45,100
semi,senior-heavy-delivery,175,1571395,completed,100,0,45,193500.0,False,False,35,20,45,100
semi,senior-heavy-delivery,176,1571396,completed,100,0,55,236500.0,False,True,35,20,45,100
semi,senior-heavy-delivery,177,1571397,completed,100,0,40,172000.0,False,False,35,20,45,100
semi,senior-heavy-delivery,178,1571398,completed,100,0,45,193500.0,False,False,35,20,45,100
semi,senior-heavy-delivery,179,1571399,completed,100,0,45,193500.0,False,False,35,20,45,100
semi,senior-heavy-delivery,180,1571400,completed,100,0,45,193500.0,False,False,35,20,45,100
semi,senior-heavy-delivery,181,1571401,completed,100,0,50,215000.0,False,True,35,20,45,100
semi,senior-heavy-delivery,182,1571402,completed,100,0,50,215000.0,False,True,35,20,45,100
semi,senior-heavy-delivery,183,1571403,completed,100,0,40,172000.0,False,False,35,20,45,100
semi,senior-heavy-delivery,184,1571404,completed,100,0,50,215000.0,False,True,35,20,45,100
semi,senior-heavy-delivery,185,1571405,completed,100,0,65,279500.0,True,True,35,20,30,85
semi,senior-heavy-delivery,186,1571406,completed,100,0,50,215000.0,False,True,35,20,45,100
semi,senior-heavy-delivery,187,1571407,completed,100,0,45,193500.0,False,False,35,20,45,100
semi,senior-heavy-delivery,188,1571408,completed,100,0,50,215000.0,False,True,35,20,45,100
semi,senior-heavy-delivery,189,1571409,completed,100,0,45,193500.0,False,False,35,20,45,100
semi,senior-heavy-delivery,190,1571410,completed,100,0,55,236500.0,False,True,35,20,45,100
semi,senior-heavy-delivery,191,1571411,completed,100,0,60,258000.0,True,True,35,20,39,94
semi,senior-heavy-delivery,192,1571412,completed,100,0,55,236500.0,False,True,35,20,45,100
semi,senior-heavy-delivery,193,1571413,completed,100,0,45,193500.0,False,False,35,20,45,100
semi,senior-heavy-delivery,194,1571414,completed,100,0,55,236500.0,False,True,35,20,45,100
semi,senior-heavy-delivery,195,1571415,completed,100,0,50,215000.0,False,True,35,20,45,100
semi,senior-heavy-delivery,196,1571416,completed,100,0,60,258000.0,True,True,35,20,39,94
semi,senior-heavy-delivery,197,1571417,completed,100,0,45,193500.0,False,False,35,20,45,100
semi,senior-heavy-delivery,198,1571418,completed,100,0,55,236500.0,False,True,35,20,45,100
semi,senior-heavy-delivery,199,1571419,completed,100,0,50,215000.0,False,True,35,20,45,100
semi,specialist-balanced-staffing,0,1571220,deadline_reached,99,1,70,212100.0,False,True,34,20,45,99
semi,specialist-balanced-staffing,1,1571221,completed,100,0,60,181800.0,False,False,35,20,45,100
semi,specialist-balanced-staffing,2,1571222,completed,100,0,65,196950.0,False,False,35,20,45,100
semi,specialist-balanced-staffing,3,1571223,completed,100,0,55,166650.0,False,False,35,20,45,100
semi,specialist-balanced-staffing,4,1571224,completed,100,0,65,196950.0,False,False,35,20,45,100
semi,specialist-balanced-staffing,5,1571225,completed,100,0,65,196950.0,False,False,35,20,45,100
semi,specialist-balanced-staffing,6,1571226,deadline_reached,99,1,70,212100.0,False,True,34,20,45,99
semi,specialist-balanced-staffing,7,1571227,completed,100,0,60,181800.0,False,False,35,20,45,100
semi,specialist-balanced-staffing,8,1571228,completed,100,0,60,181800.0,False,False,35,20,45,100
semi,specialist-balanced-staffing,9,1571229,deadline_reached,99,1,70,212100.0,False,True,34,20,45,99
semi,specialist-balanced-staffing,10,1571230,deadline_reached,99,1,70,212100.0,False,True,34,20,45,99
semi,specialist-balanced-staffing,11,1571231,completed,100,0,70,212100.0,False,True,35,20,45,100
semi,specialist-balanced-staffing,12,1571232,completed,100,0,55,166650.0,False,False,35,20,45,100
semi,specialist-balanced-staffing,13,1571233,completed,100,0,60,181800.0,False,False,35,20,45,100
semi,specialist-balanced-staffing,14,1571234,completed,100,0,65,196950.0,False,False,35,20,45,100
semi,specialist-balanced-staffing,15,1571235,completed,100,0,70,212100.0,False,True,35,20,45,100
semi,specialist-balanced-staffing,16,1571236,completed,100,0,65,196950.0,False,False,35,20,45,100
semi,specialist-balanced-staffing,17,1571237,deadline_reached,99,1,70,212100.0,False,True,34,20,45,99
semi,specialist-balanced-staffing,18,1571238,deadline_reached,99,1,70,212100.0,False,True,34,20,45,99
semi,specialist-balanced-staffing,19,1571239,completed,100,0,65,196950.0,False,False,35,20,45,100
semi,specialist-balanced-staffing,20,1571240,completed,100,0,70,212100.0,False,True,35,20,45,100
semi,specialist-balanced-staffing,21,1571241,deadline_reached,98,2,70,212100.0,False,True,33,20,45,98
semi,specialist-balanced-staffing,22,1571242,deadline_reached,98,2,70,212100.0,False,True,33,20,45,98
semi,specialist-balanced-staffing,23,1571243,deadline_reached,99,1,70,212100.0,False,True,34,20,45,99
semi,specialist-balanced-staffing,24,1571244,completed,100,0,70,212100.0,False,True,35,20,45,100
semi,specialist-balanced-staffing,25,1571245,deadline_reached,99,1,70,212100.0,False,True,34,20,45,99
semi,specialist-balanced-staffing,26,1571246,completed,100,0,70,212100.0,False,True,35,20,45,100
semi,specialist-balanced-staffing,27,1571247,completed,100,0,70,212100.0,False,True,35,20,45,100
semi,specialist-balanced-staffing,28,1571248,deadline_reached,99,1,70,212100.0,False,True,34,20,45,99
semi,specialist-balanced-staffing,29,1571249,deadline_reached,99,1,70,212100.0,False,True,34,20,45,99
semi,specialist-balanced-staffing,30,1571250,deadline_reached,98,2,70,212100.0,False,True,33,20,45,98
semi,specialist-balanced-staffing,31,1571251,completed,100,0,60,181800.0,False,False,35,20,45,100
semi,specialist-balanced-staffing,32,1571252,completed,100,0,70,212100.0,False,True,35,20,45,100
semi,specialist-balanced-staffing,33,1571253,completed,100,0,65,196950.0,False,False,35,20,45,100
semi,specialist-balanced-staffing,34,1571254,completed,100,0,65,196950.0,False,False,35,20,45,100
semi,specialist-balanced-staffing,35,1571255,deadline_reached,98,2,70,212100.0,False,True,33,20,45,98
semi,specialist-balanced-staffing,36,1571256,completed,100,0,70,212100.0,False,True,35,20,45,100
semi,specialist-balanced-staffing,37,1571257,completed,100,0,65,196950.0,False,False,35,20,45,100
semi,specialist-balanced-staffing,38,1571258,deadline_reached,99,1,70,212100.0,False,True,34,20,45,99
semi,specialist-balanced-staffing,39,1571259,completed,100,0,70,212100.0,False,True,35,20,45,100
semi,specialist-balanced-staffing,40,1571260,completed,100,0,60,181800.0,False,False,35,20,45,100
semi,specialist-balanced-staffing,41,1571261,deadline_reached,97,3,70,212100.0,False,True,33,20,45,98
semi,specialist-balanced-staffing,42,1571262,completed,100,0,70,212100.0,False,True,35,20,45,100
semi,specialist-balanced-staffing,43,1571263,completed,100,0,60,181800.0,False,False,35,20,45,100
semi,specialist-balanced-staffing,44,1571264,completed,100,0,60,181800.0,False,False,35,20,45,100
semi,specialist-balanced-staffing,45,1571265,deadline_reached,99,1,70,212100.0,False,True,34,20,45,99
semi,specialist-balanced-staffing,46,1571266,deadline_reached,98,2,70,212100.0,False,True,33,20,45,98
semi,specialist-balanced-staffing,47,1571267,deadline_reached,99,1,70,212100.0,False,True,34,20,45,99
semi,specialist-balanced-staffing,48,1571268,completed,100,0,70,212100.0,False,True,35,20,45,100
semi,specialist-balanced-staffing,49,1571269,completed,100,0,70,212100.0,False,True,35,20,45,100
semi,specialist-balanced-staffing,50,1571270,deadline_reached,99,1,70,212100.0,False,True,34,20,45,99
semi,specialist-balanced-staffing,51,1571271,deadline_reached,99,1,70,212100.0,False,True,34,20,45,99
semi,specialist-balanced-staffing,52,1571272,deadline_reached,99,1,70,212100.0,False,True,34,20,45,99
semi,specialist-balanced-staffing,53,1571273,completed,100,0,70,212100.0,False,True,35,20,45,100
semi,specialist-balanced-staffing,54,1571274,deadline_reached,97,3,70,212100.0,False,True,33,20,45,98
semi,specialist-balanced-staffing,55,1571275,deadline_reached,97,3,70,212100.0,False,True,33,20,45,98
semi,specialist-balanced-staffing,56,1571276,completed,100,0,65,196950.0,False,False,35,20,45,100
semi,specialist-balanced-staffing,57,1571277,completed,100,0,65,196950.0,False,False,35,20,45,100
semi,specialist-balanced-staffing,58,1571278,completed,100,0,60,181800.0,False,False,35,20,45,100
semi,specialist-balanced-staffing,59,1571279,completed,100,0,70,212100.0,False,True,35,20,45,100
semi,specialist-balanced-staffing,60,1571280,completed,100,0,65,196950.0,False,False,35,20,45,100
semi,specialist-balanced-staffing,61,1571281,deadline_reached,99,1,70,212100.0,False,True,34,20,45,99
semi,specialist-balanced-staffing,62,1571282,completed,100,0,65,196950.0,False,False,35,20,45,100
semi,specialist-balanced-staffing,63,1571283,completed,100,0,50,151500.0,False,False,35,20,45,100
semi,specialist-balanced-staffing,64,1571284,completed,100,0,65,196950.0,False,False,35,20,45,100
semi,specialist-balanced-staffing,65,1571285,deadline_reached,99,1,70,212100.0,False,True,34,20,45,99
semi,specialist-balanced-staffing,66,1571286,completed,100,0,60,181800.0,False,False,35,20,45,100
semi,specialist-balanced-staffing,67,1571287,completed,100,0,65,196950.0,False,False,35,20,45,100
semi,specialist-balanced-staffing,68,1571288,completed,100,0,70,212100.0,False,True,35,20,45,100
semi,specialist-balanced-staffing,69,1571289,completed,100,0,70,212100.0,False,True,35,20,45,100
semi,specialist-balanced-staffing,70,1571290,completed,100,0,60,181800.0,False,False,35,20,45,100
semi,specialist-balanced-staffing,71,1571291,completed,100,0,70,212100.0,False,True,35,20,45,100
semi,specialist-balanced-staffing,72,1571292,completed,100,0,65,196950.0,False,False,35,20,45,100
semi,specialist-balanced-staffing,73,1571293,deadline_reached,99,1,70,212100.0,False,True,34,20,45,99
semi,specialist-balanced-staffing,74,1571294,completed,100,0,55,166650.0,False,False,35,20,45,100
semi,specialist-balanced-staffing,75,1571295,deadline_reached,99,1,70,212100.0,False,True,34,20,45,99
semi,specialist-balanced-staffing,76,1571296,completed,100,0,55,166650.0,False,False,35,20,45,100
semi,specialist-balanced-staffing,77,1571297,completed,100,0,70,212100.0,False,True,35,20,45,100
semi,specialist-balanced-staffing,78,1571298,deadline_reached,99,1,70,212100.0,False,True,34,20,45,99
semi,specialist-balanced-staffing,79,1571299,deadline_reached,99,1,70,212100.0,False,True,34,20,45,99
semi,specialist-balanced-staffing,80,1571300,deadline_reached,99,1,70,212100.0,False,True,34,20,45,99
semi,specialist-balanced-staffing,81,1571301,deadline_reached,99,1,70,212100.0,False,True,34,20,45,99
semi,specialist-balanced-staffing,82,1571302,completed,100,0,65,196950.0,False,False,35,20,45,100
semi,specialist-balanced-staffing,83,1571303,deadline_reached,99,1,70,212100.0,False,True,34,20,45,99
semi,specialist-balanced-staffing,84,1571304,completed,100,0,60,181800.0,False,False,35,20,45,100
semi,specialist-balanced-staffing,85,1571305,deadline_reached,99,1,70,212100.0,False,True,34,20,45,99
semi,specialist-balanced-staffing,86,1571306,completed,100,0,70,212100.0,False,True,35,20,45,100
semi,specialist-balanced-staffing,87,1571307,completed,100,0,60,181800.0,False,False,35,20,45,100
semi,specialist-balanced-staffing,88,1571308,completed,100,0,55,166650.0,False,False,35,20,45,100
semi,specialist-balanced-staffing,89,1571309,completed,100,0,65,196950.0,False,False,35,20,45,100
semi,specialist-balanced-staffing,90,1571310,completed,100,0,70,212100.0,False,True,35,20,45,100
semi,specialist-balanced-staffing,91,1571311,completed,100,0,55,166650.0,False,False,35,20,45,100
semi,specialist-balanced-staffing,92,1571312,completed,100,0,70,212100.0,False,True,35,20,45,100
semi,specialist-balanced-staffing,93,1571313,completed,100,0,65,196950.0,False,False,35,20,45,100
semi,specialist-balanced-staffing,94,1571314,deadline_reached,97,3,70,212100.0,False,True,33,20,45,98
semi,specialist-balanced-staffing,95,1571315,deadline_reached,98,2,70,212100.0,False,True,33,20,45,98
semi,specialist-balanced-staffing,96,1571316,deadline_reached,99,1,70,212100.0,False,True,34,20,45,99
semi,specialist-balanced-staffing,97,1571317,completed,100,0,70,212100.0,False,True,35,20,45,100
semi,specialist-balanced-staffing,98,1571318,completed,100,0,65,196950.0,False,False,35,20,45,100
semi,specialist-balanced-staffing,99,1571319,completed,100,0,60,181800.0,False,False,35,20,45,100
semi,specialist-balanced-staffing,100,1571320,completed,100,0,70,212100.0,False,True,35,20,45,100
semi,specialist-balanced-staffing,101,1571321,deadline_reached,98,2,70,212100.0,False,True,33,20,45,98
semi,specialist-balanced-staffing,102,1571322,completed,100,0,60,181800.0,False,False,35,20,45,100
semi,specialist-balanced-staffing,103,1571323,completed,100,0,70,212100.0,False,True,35,20,45,100
semi,specialist-balanced-staffing,104,1571324,deadline_reached,99,1,70,212100.0,False,True,34,20,45,99
semi,specialist-balanced-staffing,105,1571325,deadline_reached,98,2,70,212100.0,False,True,33,20,45,98
semi,specialist-balanced-staffing,106,1571326,completed,100,0,60,181800.0,False,False,35,20,45,100
semi,specialist-balanced-staffing,107,1571327,completed,100,0,70,212100.0,False,True,35,20,45,100
semi,specialist-balanced-staffing,108,1571328,deadline_reached,98,2,70,212100.0,False,True,33,20,45,98
semi,specialist-balanced-staffing,109,1571329,deadline_reached,99,1,70,212100.0,False,True,34,20,45,99
semi,specialist-balanced-staffing,110,1571330,deadline_reached,99,1,70,212100.0,False,True,34,20,45,99
semi,specialist-balanced-staffing,111,1571331,completed,100,0,70,212100.0,False,True,35,20,45,100
semi,specialist-balanced-staffing,112,1571332,deadline_reached,99,1,70,212100.0,False,True,34,20,45,99
semi,specialist-balanced-staffing,113,1571333,deadline_reached,99,1,70,212100.0,False,True,34,20,45,99
semi,specialist-balanced-staffing,114,1571334,deadline_reached,99,1,70,212100.0,False,True,34,20,45,99
semi,specialist-balanced-staffing,115,1571335,completed,100,0,70,212100.0,False,True,35,20,45,100
semi,specialist-balanced-staffing,116,1571336,completed,100,0,70,212100.0,False,True,35,20,45,100
semi,specialist-balanced-staffing,117,1571337,completed,100,0,65,196950.0,False,False,35,20,45,100
semi,specialist-balanced-staffing,118,1571338,completed,100,0,70,212100.0,False,True,35,20,45,100
semi,specialist-balanced-staffing,119,1571339,deadline_reached,99,1,70,212100.0,False,True,34,20,45,99
semi,specialist-balanced-staffing,120,1571340,deadline_reached,99,1,70,212100.0,False,True,34,20,45,99
semi,specialist-balanced-staffing,121,1571341,deadline_reached,97,3,70,212100.0,False,True,33,20,45,98
semi,specialist-balanced-staffing,122,1571342,deadline_reached,99,1,70,212100.0,False,True,34,20,45,99
semi,specialist-balanced-staffing,123,1571343,deadline_reached,98,2,70,212100.0,False,True,33,20,45,98
semi,specialist-balanced-staffing,124,1571344,completed,100,0,60,181800.0,False,False,35,20,45,100
semi,specialist-balanced-staffing,125,1571345,completed,100,0,65,196950.0,False,False,35,20,45,100
semi,specialist-balanced-staffing,126,1571346,completed,100,0,70,212100.0,False,True,35,20,45,100
semi,specialist-balanced-staffing,127,1571347,completed,100,0,70,212100.0,False,True,35,20,45,100
semi,specialist-balanced-staffing,128,1571348,deadline_reached,99,1,70,212100.0,False,True,34,20,45,99
semi,specialist-balanced-staffing,129,1571349,completed,100,0,65,196950.0,False,False,35,20,45,100
semi,specialist-balanced-staffing,130,1571350,deadline_reached,99,1,70,212100.0,False,True,34,20,45,99
semi,specialist-balanced-staffing,131,1571351,completed,100,0,60,181800.0,False,False,35,20,45,100
semi,specialist-balanced-staffing,132,1571352,completed,100,0,65,196950.0,False,False,35,20,45,100
semi,specialist-balanced-staffing,133,1571353,completed,100,0,65,196950.0,False,False,35,20,45,100
semi,specialist-balanced-staffing,134,1571354,completed,100,0,65,196950.0,False,False,35,20,45,100
semi,specialist-balanced-staffing,135,1571355,deadline_reached,99,1,70,212100.0,False,True,34,20,45,99
semi,specialist-balanced-staffing,136,1571356,completed,100,0,70,212100.0,False,True,35,20,45,100
semi,specialist-balanced-staffing,137,1571357,deadline_reached,99,1,70,212100.0,False,True,34,20,45,99
semi,specialist-balanced-staffing,138,1571358,completed,100,0,65,196950.0,False,False,35,20,45,100
semi,specialist-balanced-staffing,139,1571359,completed,100,0,70,212100.0,False,True,35,20,45,100
semi,specialist-balanced-staffing,140,1571360,completed,100,0,65,196950.0,False,False,35,20,45,100
semi,specialist-balanced-staffing,141,1571361,deadline_reached,99,1,70,212100.0,False,True,34,20,45,99
semi,specialist-balanced-staffing,142,1571362,completed,100,0,65,196950.0,False,False,35,20,45,100
semi,specialist-balanced-staffing,143,1571363,deadline_reached,99,1,70,212100.0,False,True,34,20,45,99
semi,specialist-balanced-staffing,144,1571364,deadline_reached,99,1,70,212100.0,False,True,34,20,45,99
semi,specialist-balanced-staffing,145,1571365,completed,100,0,60,181800.0,False,False,35,20,45,100
semi,specialist-balanced-staffing,146,1571366,deadline_reached,99,1,70,212100.0,False,True,34,20,45,99
semi,specialist-balanced-staffing,147,1571367,completed,100,0,65,196950.0,False,False,35,20,45,100
semi,specialist-balanced-staffing,148,1571368,deadline_reached,98,2,70,212100.0,False,True,33,20,45,98
semi,specialist-balanced-staffing,149,1571369,completed,100,0,55,166650.0,False,False,35,20,45,100
semi,specialist-balanced-staffing,150,1571370,completed,100,0,70,212100.0,False,True,35,20,45,100
semi,specialist-balanced-staffing,151,1571371,completed,100,0,65,196950.0,False,False,35,20,45,100
semi,specialist-balanced-staffing,152,1571372,completed,100,0,60,181800.0,False,False,35,20,45,100
semi,specialist-balanced-staffing,153,1571373,completed,100,0,65,196950.0,False,False,35,20,45,100
semi,specialist-balanced-staffing,154,1571374,deadline_reached,99,1,70,212100.0,False,True,34,20,45,99
semi,specialist-balanced-staffing,155,1571375,completed,100,0,60,181800.0,False,False,35,20,45,100
semi,specialist-balanced-staffing,156,1571376,deadline_reached,99,1,70,212100.0,False,True,34,20,45,99
semi,specialist-balanced-staffing,157,1571377,deadline_reached,99,1,70,212100.0,False,True,34,20,45,99
semi,specialist-balanced-staffing,158,1571378,completed,100,0,70,212100.0,False,True,35,20,45,100
semi,specialist-balanced-staffing,159,1571379,completed,100,0,70,212100.0,False,True,35,20,45,100
semi,specialist-balanced-staffing,160,1571380,completed,100,0,65,196950.0,False,False,35,20,45,100
semi,specialist-balanced-staffing,161,1571381,completed,100,0,65,196950.0,False,False,35,20,45,100
semi,specialist-balanced-staffing,162,1571382,completed,100,0,60,181800.0,False,False,35,20,45,100
semi,specialist-balanced-staffing,163,1571383,completed,100,0,65,196950.0,False,False,35,20,45,100
semi,specialist-balanced-staffing,164,1571384,completed,100,0,65,196950.0,False,False,35,20,45,100
semi,specialist-balanced-staffing,165,1571385,completed,100,0,55,166650.0,False,False,35,20,45,100
semi,specialist-balanced-staffing,166,1571386,completed,100,0,60,181800.0,False,False,35,20,45,100
semi,specialist-balanced-staffing,167,1571387,completed,100,0,60,181800.0,False,False,35,20,45,100
semi,specialist-balanced-staffing,168,1571388,deadline_reached,99,1,70,212100.0,False,True,34,20,45,99
semi,specialist-balanced-staffing,169,1571389,completed,100,0,70,212100.0,False,True,35,20,45,100
semi,specialist-balanced-staffing,170,1571390,completed,100,0,65,196950.0,False,False,35,20,45,100
semi,specialist-balanced-staffing,171,1571391,completed,100,0,60,181800.0,False,False,35,20,45,100
semi,specialist-balanced-staffing,172,1571392,completed,100,0,60,181800.0,False,False,35,20,45,100
semi,specialist-balanced-staffing,173,1571393,deadline_reached,99,1,70,212100.0,False,True,34,20,45,99
semi,specialist-balanced-staffing,174,1571394,completed,100,0,65,196950.0,False,False,35,20,45,100
semi,specialist-balanced-staffing,175,1571395,deadline_reached,99,1,70,212100.0,False,True,34,20,45,99
semi,specialist-balanced-staffing,176,1571396,completed,100,0,60,181800.0,False,False,35,20,45,100
semi,specialist-balanced-staffing,177,1571397,deadline_reached,99,1,70,212100.0,False,True,34,20,45,99
semi,specialist-balanced-staffing,178,1571398,completed,100,0,65,196950.0,False,False,35,20,45,100
semi,specialist-balanced-staffing,179,1571399,completed,100,0,70,212100.0,False,True,35,20,45,100
semi,specialist-balanced-staffing,180,1571400,completed,100,0,60,181800.0,False,False,35,20,45,100
semi,specialist-balanced-staffing,181,1571401,completed,100,0,70,212100.0,False,True,35,20,45,100
semi,specialist-balanced-staffing,182,1571402,completed,100,0,65,196950.0,False,False,35,20,45,100
semi,specialist-balanced-staffing,183,1571403,deadline_reached,99,1,70,212100.0,False,True,34,20,45,99
semi,specialist-balanced-staffing,184,1571404,deadline_reached,99,1,70,212100.0,False,True,34,20,45,99
semi,specialist-balanced-staffing,185,1571405,deadline_reached,99,1,70,212100.0,False,True,34,20,45,99
semi,specialist-balanced-staffing,186,1571406,deadline_reached,98,2,70,212100.0,False,True,33,20,45,98
semi,specialist-balanced-staffing,187,1571407,deadline_reached,99,1,70,212100.0,False,True,34,20,45,99
semi,specialist-balanced-staffing,188,1571408,deadline_reached,99,1,70,212100.0,False,True,34,20,45,99
semi,specialist-balanced-staffing,189,1571409,completed,100,0,65,196950.0,False,False,35,20,45,100
semi,specialist-balanced-staffing,190,1571410,completed,100,0,70,212100.0,False,True,35,20,45,100
semi,specialist-balanced-staffing,191,1571411,completed,100,0,60,181800.0,False,False,35,20,45,100
semi,specialist-balanced-staffing,192,1571412,completed,100,0,60,181800.0,False,False,35,20,45,100
semi,specialist-balanced-staffing,193,1571413,completed,100,0,65,196950.0,False,False,35,20,45,100
semi,specialist-balanced-staffing,194,1571414,completed,100,0,70,212100.0,False,True,35,20,45,100
semi,specialist-balanced-staffing,195,1571415,completed,100,0,60,181800.0,False,False,35,20,45,100
semi,specialist-balanced-staffing,196,1571416,completed,100,0,60,181800.0,False,False,35,20,45,100
semi,specialist-balanced-staffing,197,1571417,deadline_reached,99,1,70,212100.0,False,True,34,20,45,99
semi,specialist-balanced-staffing,198,1571418,completed,100,0,60,181800.0,False,False,35,20,45,100
semi,specialist-balanced-staffing,199,1571419,deadline_reached,99,1,70,212100.0,False,True,34,20,45,99
semi,development-first-allocation,0,1571220,deadline_reached,87,13,70,202300.0,False,False,28,20,45,93
semi,development-first-allocation,1,1571221,deadline_reached,89,11,70,202300.0,False,False,29,20,45,94
semi,development-first-allocation,2,1571222,deadline_reached,94,6,70,202300.0,False,False,31,20,45,96
semi,development-first-allocation,3,1571223,deadline_reached,87,13,70,202300.0,False,False,28,20,45,93
semi,development-first-allocation,4,1571224,deadline_reached,81,19,70,202300.0,False,False,25,20,45,90
semi,development-first-allocation,5,1571225,deadline_reached,82,18,70,202300.0,False,False,25,20,45,90
semi,development-first-allocation,6,1571226,deadline_reached,88,12,70,202300.0,False,False,28,20,45,93
semi,development-first-allocation,7,1571227,deadline_reached,92,8,70,202300.0,False,False,30,20,45,95
semi,development-first-allocation,8,1571228,deadline_reached,89,11,70,202300.0,False,False,29,20,45,94
semi,development-first-allocation,9,1571229,deadline_reached,93,7,70,202300.0,False,False,31,20,45,96
semi,development-first-allocation,10,1571230,deadline_reached,91,9,70,202300.0,False,False,30,20,45,95
semi,development-first-allocation,11,1571231,deadline_reached,96,4,70,202300.0,False,False,32,20,45,97
semi,development-first-allocation,12,1571232,deadline_reached,95,5,70,202300.0,False,False,32,20,45,97
semi,development-first-allocation,13,1571233,deadline_reached,91,9,70,202300.0,False,False,30,20,45,95
semi,development-first-allocation,14,1571234,deadline_reached,89,11,70,202300.0,False,False,29,20,45,94
semi,development-first-allocation,15,1571235,deadline_reached,92,8,70,202300.0,False,False,30,20,45,95
semi,development-first-allocation,16,1571236,deadline_reached,91,9,70,202300.0,False,False,30,20,45,95
semi,development-first-allocation,17,1571237,deadline_reached,91,9,70,202300.0,False,False,30,20,45,95
semi,development-first-allocation,18,1571238,deadline_reached,88,12,70,202300.0,False,False,28,20,45,93
semi,development-first-allocation,19,1571239,deadline_reached,88,12,70,202300.0,False,False,28,20,45,93
semi,development-first-allocation,20,1571240,deadline_reached,89,11,70,202300.0,False,False,29,20,45,94
semi,development-first-allocation,21,1571241,deadline_reached,83,17,70,202300.0,False,False,26,20,45,91
semi,development-first-allocation,22,1571242,deadline_reached,79,21,70,202300.0,False,False,24,20,45,89
semi,development-first-allocation,23,1571243,deadline_reached,88,12,70,202300.0,False,False,28,20,45,93
semi,development-first-allocation,24,1571244,deadline_reached,89,11,70,202300.0,False,False,29,20,45,94
semi,development-first-allocation,25,1571245,deadline_reached,84,16,70,202300.0,False,False,26,20,45,91
semi,development-first-allocation,26,1571246,deadline_reached,85,15,70,202300.0,False,False,27,20,45,92
semi,development-first-allocation,27,1571247,deadline_reached,80,20,70,202300.0,False,False,25,20,45,90
semi,development-first-allocation,28,1571248,deadline_reached,84,16,70,202300.0,False,False,26,20,45,91
semi,development-first-allocation,29,1571249,deadline_reached,81,19,70,202300.0,False,False,25,20,45,90
semi,development-first-allocation,30,1571250,deadline_reached,83,17,70,202300.0,False,False,26,20,45,91
semi,development-first-allocation,31,1571251,deadline_reached,89,11,70,202300.0,False,False,29,20,45,94
semi,development-first-allocation,32,1571252,deadline_reached,90,10,70,202300.0,False,False,29,20,45,94
semi,development-first-allocation,33,1571253,deadline_reached,84,16,70,202300.0,False,False,26,20,45,91
semi,development-first-allocation,34,1571254,deadline_reached,86,14,70,202300.0,False,False,27,20,45,92
semi,development-first-allocation,35,1571255,deadline_reached,77,23,70,202300.0,False,False,23,20,45,88
semi,development-first-allocation,36,1571256,deadline_reached,78,22,70,202300.0,False,False,24,20,45,89
semi,development-first-allocation,37,1571257,deadline_reached,79,21,70,202300.0,False,False,24,20,45,89
semi,development-first-allocation,38,1571258,deadline_reached,80,20,70,202300.0,False,False,25,20,45,90
semi,development-first-allocation,39,1571259,deadline_reached,88,12,70,202300.0,False,False,28,20,45,93
semi,development-first-allocation,40,1571260,deadline_reached,78,22,70,202300.0,False,False,24,20,45,89
semi,development-first-allocation,41,1571261,deadline_reached,86,14,70,202300.0,False,False,27,20,45,92
semi,development-first-allocation,42,1571262,deadline_reached,89,11,70,202300.0,False,False,29,20,45,94
semi,development-first-allocation,43,1571263,deadline_reached,89,11,70,202300.0,False,False,29,20,45,94
semi,development-first-allocation,44,1571264,deadline_reached,96,4,70,202300.0,False,False,32,20,45,97
semi,development-first-allocation,45,1571265,deadline_reached,87,13,70,202300.0,False,False,28,20,45,93
semi,development-first-allocation,46,1571266,deadline_reached,89,11,70,202300.0,False,False,29,20,45,94
semi,development-first-allocation,47,1571267,deadline_reached,78,22,70,202300.0,False,False,24,20,45,89
semi,development-first-allocation,48,1571268,deadline_reached,83,17,70,202300.0,False,False,26,20,45,91
semi,development-first-allocation,49,1571269,deadline_reached,77,23,70,202300.0,False,False,23,20,45,88
semi,development-first-allocation,50,1571270,deadline_reached,80,20,70,202300.0,False,False,25,20,45,90
semi,development-first-allocation,51,1571271,deadline_reached,83,17,70,202300.0,False,False,26,20,45,91
semi,development-first-allocation,52,1571272,deadline_reached,80,20,70,202300.0,False,False,25,20,45,90
semi,development-first-allocation,53,1571273,deadline_reached,79,21,70,202300.0,False,False,24,20,45,89
semi,development-first-allocation,54,1571274,deadline_reached,84,16,70,202300.0,False,False,26,20,45,91
semi,development-first-allocation,55,1571275,deadline_reached,89,11,70,202300.0,False,False,29,20,45,94
semi,development-first-allocation,56,1571276,deadline_reached,87,13,70,202300.0,False,False,28,20,45,93
semi,development-first-allocation,57,1571277,deadline_reached,85,15,70,202300.0,False,False,27,20,45,92
semi,development-first-allocation,58,1571278,deadline_reached,85,15,70,202300.0,False,False,27,20,45,92
semi,development-first-allocation,59,1571279,deadline_reached,82,18,70,202300.0,False,False,25,20,45,90
semi,development-first-allocation,60,1571280,deadline_reached,91,9,70,202300.0,False,False,30,20,45,95
semi,development-first-allocation,61,1571281,deadline_reached,96,4,70,202300.0,False,False,32,20,45,97
semi,development-first-allocation,62,1571282,deadline_reached,96,4,70,202300.0,False,False,32,20,45,97
semi,development-first-allocation,63,1571283,deadline_reached,91,9,70,202300.0,False,False,30,20,45,95
semi,development-first-allocation,64,1571284,deadline_reached,94,6,70,202300.0,False,False,31,20,45,96
semi,development-first-allocation,65,1571285,deadline_reached,87,13,70,202300.0,False,False,28,20,45,93
semi,development-first-allocation,66,1571286,deadline_reached,84,16,70,202300.0,False,False,26,20,45,91
semi,development-first-allocation,67,1571287,deadline_reached,92,8,70,202300.0,False,False,30,20,45,95
semi,development-first-allocation,68,1571288,deadline_reached,91,9,70,202300.0,False,False,30,20,45,95
semi,development-first-allocation,69,1571289,deadline_reached,84,16,70,202300.0,False,False,26,20,45,91
semi,development-first-allocation,70,1571290,deadline_reached,86,14,70,202300.0,False,False,27,20,45,92
semi,development-first-allocation,71,1571291,deadline_reached,92,8,70,202300.0,False,False,30,20,45,95
semi,development-first-allocation,72,1571292,deadline_reached,91,9,70,202300.0,False,False,30,20,45,95
semi,development-first-allocation,73,1571293,deadline_reached,94,6,70,202300.0,False,False,31,20,45,96
semi,development-first-allocation,74,1571294,completed,100,0,70,202300.0,False,False,35,20,45,100
semi,development-first-allocation,75,1571295,deadline_reached,85,15,70,202300.0,False,False,27,20,45,92
semi,development-first-allocation,76,1571296,deadline_reached,90,10,70,202300.0,False,False,29,20,45,94
semi,development-first-allocation,77,1571297,deadline_reached,88,12,70,202300.0,False,False,28,20,45,93
semi,development-first-allocation,78,1571298,deadline_reached,87,13,70,202300.0,False,False,28,20,45,93
semi,development-first-allocation,79,1571299,deadline_reached,90,10,70,202300.0,False,False,29,20,45,94
semi,development-first-allocation,80,1571300,deadline_reached,84,16,70,202300.0,False,False,26,20,45,91
semi,development-first-allocation,81,1571301,deadline_reached,88,12,70,202300.0,False,False,28,20,45,93
semi,development-first-allocation,82,1571302,deadline_reached,73,27,70,202300.0,False,False,21,20,45,86
semi,development-first-allocation,83,1571303,deadline_reached,84,16,70,202300.0,False,False,26,20,45,91
semi,development-first-allocation,84,1571304,deadline_reached,90,10,70,202300.0,False,False,29,20,45,94
semi,development-first-allocation,85,1571305,deadline_reached,88,12,70,202300.0,False,False,28,20,45,93
semi,development-first-allocation,86,1571306,deadline_reached,82,18,70,202300.0,False,False,25,20,45,90
semi,development-first-allocation,87,1571307,deadline_reached,90,10,70,202300.0,False,False,29,20,45,94
semi,development-first-allocation,88,1571308,deadline_reached,96,4,70,202300.0,False,False,32,20,45,97
semi,development-first-allocation,89,1571309,completed,100,0,70,202300.0,False,False,35,20,45,100
semi,development-first-allocation,90,1571310,deadline_reached,86,14,70,202300.0,False,False,27,20,45,92
semi,development-first-allocation,91,1571311,deadline_reached,96,4,70,202300.0,False,False,32,20,45,97
semi,development-first-allocation,92,1571312,deadline_reached,95,5,70,202300.0,False,False,32,20,45,97
semi,development-first-allocation,93,1571313,deadline_reached,89,11,70,202300.0,False,False,29,20,45,94
semi,development-first-allocation,94,1571314,deadline_reached,87,13,70,202300.0,False,False,28,20,45,93
semi,development-first-allocation,95,1571315,deadline_reached,82,18,70,202300.0,False,False,25,20,45,90
semi,development-first-allocation,96,1571316,deadline_reached,85,15,70,202300.0,False,False,27,20,45,92
semi,development-first-allocation,97,1571317,deadline_reached,89,11,70,202300.0,False,False,29,20,45,94
semi,development-first-allocation,98,1571318,deadline_reached,93,7,70,202300.0,False,False,31,20,45,96
semi,development-first-allocation,99,1571319,deadline_reached,89,11,70,202300.0,False,False,29,20,45,94
semi,development-first-allocation,100,1571320,deadline_reached,95,5,70,202300.0,False,False,32,20,45,97
semi,development-first-allocation,101,1571321,deadline_reached,85,15,70,202300.0,False,False,27,20,45,92
semi,development-first-allocation,102,1571322,deadline_reached,80,20,70,202300.0,False,False,25,20,45,90
semi,development-first-allocation,103,1571323,deadline_reached,79,21,70,202300.0,False,False,24,20,45,89
semi,development-first-allocation,104,1571324,deadline_reached,80,20,70,202300.0,False,False,25,20,45,90
semi,development-first-allocation,105,1571325,deadline_reached,80,20,70,202300.0,False,False,25,20,45,90
semi,development-first-allocation,106,1571326,deadline_reached,84,16,70,202300.0,False,False,26,20,45,91
semi,development-first-allocation,107,1571327,deadline_reached,83,17,70,202300.0,False,False,26,20,45,91
semi,development-first-allocation,108,1571328,deadline_reached,83,17,70,202300.0,False,False,26,20,45,91
semi,development-first-allocation,109,1571329,deadline_reached,86,14,70,202300.0,False,False,27,20,45,92
semi,development-first-allocation,110,1571330,deadline_reached,82,18,70,202300.0,False,False,25,20,45,90
semi,development-first-allocation,111,1571331,deadline_reached,81,19,70,202300.0,False,False,25,20,45,90
semi,development-first-allocation,112,1571332,deadline_reached,85,15,70,202300.0,False,False,27,20,45,92
semi,development-first-allocation,113,1571333,deadline_reached,87,13,70,202300.0,False,False,28,20,45,93
semi,development-first-allocation,114,1571334,deadline_reached,90,10,70,202300.0,False,False,29,20,45,94
semi,development-first-allocation,115,1571335,deadline_reached,82,18,70,202300.0,False,False,25,20,45,90
semi,development-first-allocation,116,1571336,deadline_reached,87,13,70,202300.0,False,False,28,20,45,93
semi,development-first-allocation,117,1571337,deadline_reached,79,21,70,202300.0,False,False,24,20,45,89
semi,development-first-allocation,118,1571338,deadline_reached,83,17,70,202300.0,False,False,26,20,45,91
semi,development-first-allocation,119,1571339,deadline_reached,74,26,70,202300.0,False,False,22,20,45,87
semi,development-first-allocation,120,1571340,deadline_reached,78,22,70,202300.0,False,False,24,20,45,89
semi,development-first-allocation,121,1571341,deadline_reached,82,18,70,202300.0,False,False,25,20,45,90
semi,development-first-allocation,122,1571342,deadline_reached,84,16,70,202300.0,False,False,26,20,45,91
semi,development-first-allocation,123,1571343,deadline_reached,84,16,70,202300.0,False,False,26,20,45,91
semi,development-first-allocation,124,1571344,deadline_reached,86,14,70,202300.0,False,False,27,20,45,92
semi,development-first-allocation,125,1571345,deadline_reached,80,20,70,202300.0,False,False,25,20,45,90
semi,development-first-allocation,126,1571346,deadline_reached,82,18,70,202300.0,False,False,25,20,45,90
semi,development-first-allocation,127,1571347,deadline_reached,83,17,70,202300.0,False,False,26,20,45,91
semi,development-first-allocation,128,1571348,deadline_reached,89,11,70,202300.0,False,False,29,20,45,94
semi,development-first-allocation,129,1571349,deadline_reached,89,11,70,202300.0,False,False,29,20,45,94
semi,development-first-allocation,130,1571350,deadline_reached,84,16,70,202300.0,False,False,26,20,45,91
semi,development-first-allocation,131,1571351,deadline_reached,81,19,70,202300.0,False,False,25,20,45,90
semi,development-first-allocation,132,1571352,deadline_reached,87,13,70,202300.0,False,False,28,20,45,93
semi,development-first-allocation,133,1571353,deadline_reached,92,8,70,202300.0,False,False,30,20,45,95
semi,development-first-allocation,134,1571354,deadline_reached,97,3,70,202300.0,False,False,33,20,45,98
semi,development-first-allocation,135,1571355,deadline_reached,90,10,70,202300.0,False,False,29,20,45,94
semi,development-first-allocation,136,1571356,deadline_reached,93,7,70,202300.0,False,False,31,20,45,96
semi,development-first-allocation,137,1571357,deadline_reached,93,7,70,202300.0,False,False,31,20,45,96
semi,development-first-allocation,138,1571358,deadline_reached,89,11,70,202300.0,False,False,29,20,45,94
semi,development-first-allocation,139,1571359,deadline_reached,80,20,70,202300.0,False,False,25,20,45,90
semi,development-first-allocation,140,1571360,deadline_reached,84,16,70,202300.0,False,False,26,20,45,91
semi,development-first-allocation,141,1571361,deadline_reached,80,20,70,202300.0,False,False,25,20,45,90
semi,development-first-allocation,142,1571362,deadline_reached,81,19,70,202300.0,False,False,25,20,45,90
semi,development-first-allocation,143,1571363,deadline_reached,87,13,70,202300.0,False,False,28,20,45,93
semi,development-first-allocation,144,1571364,deadline_reached,88,12,70,202300.0,False,False,28,20,45,93
semi,development-first-allocation,145,1571365,deadline_reached,87,13,70,202300.0,False,False,28,20,45,93
semi,development-first-allocation,146,1571366,deadline_reached,87,13,70,202300.0,False,False,28,20,45,93
semi,development-first-allocation,147,1571367,deadline_reached,89,11,70,202300.0,False,False,29,20,45,94
semi,development-first-allocation,148,1571368,deadline_reached,88,12,70,202300.0,False,False,28,20,45,93
semi,development-first-allocation,149,1571369,deadline_reached,87,13,70,202300.0,False,False,28,20,45,93
semi,development-first-allocation,150,1571370,deadline_reached,87,13,70,202300.0,False,False,28,20,45,93
semi,development-first-allocation,151,1571371,deadline_reached,81,19,70,202300.0,False,False,25,20,45,90
semi,development-first-allocation,152,1571372,deadline_reached,80,20,70,202300.0,False,False,25,20,45,90
semi,development-first-allocation,153,1571373,deadline_reached,96,4,70,202300.0,False,False,32,20,45,97
semi,development-first-allocation,154,1571374,deadline_reached,88,12,70,202300.0,False,False,28,20,45,93
semi,development-first-allocation,155,1571375,deadline_reached,88,12,70,202300.0,False,False,28,20,45,93
semi,development-first-allocation,156,1571376,deadline_reached,86,14,70,202300.0,False,False,27,20,45,92
semi,development-first-allocation,157,1571377,deadline_reached,93,7,70,202300.0,False,False,31,20,45,96
semi,development-first-allocation,158,1571378,deadline_reached,88,12,70,202300.0,False,False,28,20,45,93
semi,development-first-allocation,159,1571379,deadline_reached,95,5,70,202300.0,False,False,32,20,45,97
semi,development-first-allocation,160,1571380,deadline_reached,92,8,70,202300.0,False,False,30,20,45,95
semi,development-first-allocation,161,1571381,deadline_reached,92,8,70,202300.0,False,False,30,20,45,95
semi,development-first-allocation,162,1571382,deadline_reached,89,11,70,202300.0,False,False,29,20,45,94
semi,development-first-allocation,163,1571383,deadline_reached,90,10,70,202300.0,False,False,29,20,45,94
semi,development-first-allocation,164,1571384,deadline_reached,90,10,70,202300.0,False,False,29,20,45,94
semi,development-first-allocation,165,1571385,deadline_reached,86,14,70,202300.0,False,False,27,20,45,92
semi,development-first-allocation,166,1571386,deadline_reached,88,12,70,202300.0,False,False,28,20,45,93
semi,development-first-allocation,167,1571387,deadline_reached,88,12,70,202300.0,False,False,28,20,45,93
semi,development-first-allocation,168,1571388,deadline_reached,84,16,70,202300.0,False,False,26,20,45,91
semi,development-first-allocation,169,1571389,deadline_reached,87,13,70,202300.0,False,False,28,20,45,93
semi,development-first-allocation,170,1571390,deadline_reached,91,9,70,202300.0,False,False,30,20,45,95
semi,development-first-allocation,171,1571391,deadline_reached,87,13,70,202300.0,False,False,28,20,45,93
semi,development-first-allocation,172,1571392,deadline_reached,92,8,70,202300.0,False,False,30,20,45,95
semi,development-first-allocation,173,1571393,deadline_reached,88,12,70,202300.0,False,False,28,20,45,93
semi,development-first-allocation,174,1571394,deadline_reached,87,13,70,202300.0,False,False,28,20,45,93
semi,development-first-allocation,175,1571395,deadline_reached,90,10,70,202300.0,False,False,29,20,45,94
semi,development-first-allocation,176,1571396,deadline_reached,85,15,70,202300.0,False,False,27,20,45,92
semi,development-first-allocation,177,1571397,deadline_reached,91,9,70,202300.0,False,False,30,20,45,95
semi,development-first-allocation,178,1571398,deadline_reached,90,10,70,202300.0,False,False,29,20,45,94
semi,development-first-allocation,179,1571399,deadline_reached,84,16,70,202300.0,False,False,26,20,45,91
semi,development-first-allocation,180,1571400,deadline_reached,89,11,70,202300.0,False,False,29,20,45,94
semi,development-first-allocation,181,1571401,deadline_reached,84,16,70,202300.0,False,False,26,20,45,91
semi,development-first-allocation,182,1571402,deadline_reached,90,10,70,202300.0,False,False,29,20,45,94
semi,development-first-allocation,183,1571403,deadline_reached,91,9,70,202300.0,False,False,30,20,45,95
semi,development-first-allocation,184,1571404,deadline_reached,89,11,70,202300.0,False,False,29,20,45,94
semi,development-first-allocation,185,1571405,deadline_reached,77,23,70,202300.0,False,False,23,20,45,88
semi,development-first-allocation,186,1571406,deadline_reached,82,18,70,202300.0,False,False,25,20,45,90
semi,development-first-allocation,187,1571407,deadline_reached,88,12,70,202300.0,False,False,28,20,45,93
semi,development-first-allocation,188,1571408,deadline_reached,80,20,70,202300.0,False,False,25,20,45,90
semi,development-first-allocation,189,1571409,deadline_reached,81,19,70,202300.0,False,False,25,20,45,90
semi,development-first-allocation,190,1571410,deadline_reached,87,13,70,202300.0,False,False,28,20,45,93
semi,development-first-allocation,191,1571411,deadline_reached,85,15,70,202300.0,False,False,27,20,45,92
semi,development-first-allocation,192,1571412,deadline_reached,83,17,70,202300.0,False,False,26,20,45,91
semi,development-first-allocation,193,1571413,deadline_reached,85,15,70,202300.0,False,False,27,20,45,92
semi,development-first-allocation,194,1571414,deadline_reached,85,15,70,202300.0,False,False,27,20,45,92
semi,development-first-allocation,195,1571415,deadline_reached,88,12,70,202300.0,False,False,28,20,45,93
semi,development-first-allocation,196,1571416,deadline_reached,85,15,70,202300.0,False,False,27,20,45,92
semi,development-first-allocation,197,1571417,deadline_reached,87,13,70,202300.0,False,False,28,20,45,93
semi,development-first-allocation,198,1571418,deadline_reached,84,16,70,202300.0,False,False,26,20,45,91
semi,development-first-allocation,199,1571419,deadline_reached,87,13,70,202300.0,False,False,28,20,45,93
semi,quality-first-allocation,0,1571220,completed,100,0,55,158950.0,False,False,35,20,45,100
semi,quality-first-allocation,1,1571221,deadline_reached,98,2,70,202300.0,False,False,33,20,45,98
semi,quality-first-allocation,2,1571222,completed,100,0,65,187850.0,False,False,35,20,45,100
semi,quality-first-allocation,3,1571223,completed,100,0,70,202300.0,False,False,35,20,45,100
semi,quality-first-allocation,4,1571224,completed,100,0,65,187850.0,False,False,35,20,45,100
semi,quality-first-allocation,5,1571225,completed,100,0,65,187850.0,False,False,35,20,45,100
semi,quality-first-allocation,6,1571226,completed,100,0,55,158950.0,False,False,35,20,45,100
semi,quality-first-allocation,7,1571227,completed,100,0,60,173400.0,False,False,35,20,45,100
semi,quality-first-allocation,8,1571228,completed,100,0,70,202300.0,False,False,35,20,45,100
semi,quality-first-allocation,9,1571229,completed,100,0,65,187850.0,False,False,35,20,45,100
semi,quality-first-allocation,10,1571230,completed,100,0,60,173400.0,False,False,35,20,45,100
semi,quality-first-allocation,11,1571231,deadline_reached,99,1,70,202300.0,False,False,34,20,45,99
semi,quality-first-allocation,12,1571232,completed,100,0,60,173400.0,False,False,35,20,45,100
semi,quality-first-allocation,13,1571233,completed,100,0,60,173400.0,False,False,35,20,45,100
semi,quality-first-allocation,14,1571234,deadline_reached,99,1,70,202300.0,False,False,34,20,45,99
semi,quality-first-allocation,15,1571235,completed,100,0,70,202300.0,False,False,35,20,45,100
semi,quality-first-allocation,16,1571236,completed,100,0,60,173400.0,False,False,35,20,45,100
semi,quality-first-allocation,17,1571237,completed,100,0,65,187850.0,False,False,35,20,45,100
semi,quality-first-allocation,18,1571238,completed,100,0,65,187850.0,False,False,35,20,45,100
semi,quality-first-allocation,19,1571239,deadline_reached,99,1,70,202300.0,False,False,34,20,45,99
semi,quality-first-allocation,20,1571240,completed,100,0,65,187850.0,False,False,35,20,45,100
semi,quality-first-allocation,21,1571241,deadline_reached,99,1,70,202300.0,False,False,34,20,45,99
semi,quality-first-allocation,22,1571242,completed,100,0,60,173400.0,False,False,35,20,45,100
semi,quality-first-allocation,23,1571243,completed,100,0,70,202300.0,False,False,35,20,45,100
semi,quality-first-allocation,24,1571244,completed,100,0,70,202300.0,False,False,35,20,45,100
semi,quality-first-allocation,25,1571245,completed,100,0,70,202300.0,False,False,35,20,45,100
semi,quality-first-allocation,26,1571246,completed,100,0,65,187850.0,False,False,35,20,45,100
semi,quality-first-allocation,27,1571247,deadline_reached,99,1,70,202300.0,False,False,34,20,45,99
semi,quality-first-allocation,28,1571248,completed,100,0,70,202300.0,False,False,35,20,45,100
semi,quality-first-allocation,29,1571249,completed,100,0,70,202300.0,False,False,35,20,45,100
semi,quality-first-allocation,30,1571250,completed,100,0,65,187850.0,False,False,35,20,45,100
semi,quality-first-allocation,31,1571251,completed,100,0,60,173400.0,False,False,35,20,45,100
semi,quality-first-allocation,32,1571252,completed,100,0,70,202300.0,False,False,35,20,45,100
semi,quality-first-allocation,33,1571253,completed,100,0,70,202300.0,False,False,35,20,45,100
semi,quality-first-allocation,34,1571254,completed,100,0,70,202300.0,False,False,35,20,45,100
semi,quality-first-allocation,35,1571255,deadline_reached,97,3,70,202300.0,False,False,33,20,45,98
semi,quality-first-allocation,36,1571256,deadline_reached,98,2,70,202300.0,False,False,33,20,45,98
semi,quality-first-allocation,37,1571257,completed,100,0,65,187850.0,False,False,35,20,45,100
semi,quality-first-allocation,38,1571258,deadline_reached,99,1,70,202300.0,False,False,34,20,45,99
semi,quality-first-allocation,39,1571259,deadline_reached,99,1,70,202300.0,False,False,34,20,45,99
semi,quality-first-allocation,40,1571260,deadline_reached,99,1,70,202300.0,False,False,34,20,45,99
semi,quality-first-allocation,41,1571261,completed,100,0,65,187850.0,False,False,35,20,45,100
semi,quality-first-allocation,42,1571262,completed,100,0,70,202300.0,False,False,35,20,45,100
semi,quality-first-allocation,43,1571263,deadline_reached,94,6,70,202300.0,False,False,31,20,45,96
semi,quality-first-allocation,44,1571264,deadline_reached,99,1,70,202300.0,False,False,34,20,45,99
semi,quality-first-allocation,45,1571265,completed,100,0,70,202300.0,False,False,35,20,45,100
semi,quality-first-allocation,46,1571266,completed,100,0,65,187850.0,False,False,35,20,45,100
semi,quality-first-allocation,47,1571267,deadline_reached,99,1,70,202300.0,False,False,34,20,45,99
semi,quality-first-allocation,48,1571268,completed,100,0,70,202300.0,False,False,35,20,45,100
semi,quality-first-allocation,49,1571269,completed,100,0,70,202300.0,False,False,35,20,45,100
semi,quality-first-allocation,50,1571270,completed,100,0,65,187850.0,False,False,35,20,45,100
semi,quality-first-allocation,51,1571271,completed,100,0,70,202300.0,False,False,35,20,45,100
semi,quality-first-allocation,52,1571272,completed,100,0,65,187850.0,False,False,35,20,45,100
semi,quality-first-allocation,53,1571273,deadline_reached,99,1,70,202300.0,False,False,34,20,45,99
semi,quality-first-allocation,54,1571274,completed,100,0,60,173400.0,False,False,35,20,45,100
semi,quality-first-allocation,55,1571275,completed,100,0,70,202300.0,False,False,35,20,45,100
semi,quality-first-allocation,56,1571276,completed,100,0,65,187850.0,False,False,35,20,45,100
semi,quality-first-allocation,57,1571277,completed,100,0,70,202300.0,False,False,35,20,45,100
semi,quality-first-allocation,58,1571278,completed,100,0,60,173400.0,False,False,35,20,45,100
semi,quality-first-allocation,59,1571279,deadline_reached,99,1,70,202300.0,False,False,34,20,45,99
semi,quality-first-allocation,60,1571280,completed,100,0,65,187850.0,False,False,35,20,45,100
semi,quality-first-allocation,61,1571281,completed,100,0,70,202300.0,False,False,35,20,45,100
semi,quality-first-allocation,62,1571282,completed,100,0,65,187850.0,False,False,35,20,45,100
semi,quality-first-allocation,63,1571283,completed,100,0,65,187850.0,False,False,35,20,45,100
semi,quality-first-allocation,64,1571284,completed,100,0,60,173400.0,False,False,35,20,45,100
semi,quality-first-allocation,65,1571285,completed,100,0,65,187850.0,False,False,35,20,45,100
semi,quality-first-allocation,66,1571286,completed,100,0,65,187850.0,False,False,35,20,45,100
semi,quality-first-allocation,67,1571287,completed,100,0,70,202300.0,False,False,35,20,45,100
semi,quality-first-allocation,68,1571288,deadline_reached,98,2,70,202300.0,False,False,33,20,45,98
semi,quality-first-allocation,69,1571289,completed,100,0,60,173400.0,False,False,35,20,45,100
semi,quality-first-allocation,70,1571290,completed,100,0,55,158950.0,False,False,35,20,45,100
semi,quality-first-allocation,71,1571291,completed,100,0,65,187850.0,False,False,35,20,45,100
semi,quality-first-allocation,72,1571292,completed,100,0,70,202300.0,False,False,35,20,45,100
semi,quality-first-allocation,73,1571293,completed,100,0,65,187850.0,False,False,35,20,45,100
semi,quality-first-allocation,74,1571294,completed,100,0,60,173400.0,False,False,35,20,45,100
semi,quality-first-allocation,75,1571295,completed,100,0,70,202300.0,False,False,35,20,45,100
semi,quality-first-allocation,76,1571296,completed,100,0,65,187850.0,False,False,35,20,45,100
semi,quality-first-allocation,77,1571297,completed,100,0,55,158950.0,False,False,35,20,45,100
semi,quality-first-allocation,78,1571298,deadline_reached,99,1,70,202300.0,False,False,34,20,45,99
semi,quality-first-allocation,79,1571299,completed,100,0,60,173400.0,False,False,35,20,45,100
semi,quality-first-allocation,80,1571300,completed,100,0,70,202300.0,False,False,35,20,45,100
semi,quality-first-allocation,81,1571301,deadline_reached,99,1,70,202300.0,False,False,34,20,45,99
semi,quality-first-allocation,82,1571302,completed,100,0,65,187850.0,False,False,35,20,45,100
semi,quality-first-allocation,83,1571303,completed,100,0,70,202300.0,False,False,35,20,45,100
semi,quality-first-allocation,84,1571304,completed,100,0,65,187850.0,False,False,35,20,45,100
semi,quality-first-allocation,85,1571305,completed,100,0,60,173400.0,False,False,35,20,45,100
semi,quality-first-allocation,86,1571306,completed,100,0,70,202300.0,False,False,35,20,45,100
semi,quality-first-allocation,87,1571307,deadline_reached,99,1,70,202300.0,False,False,34,20,45,99
semi,quality-first-allocation,88,1571308,completed,100,0,60,173400.0,False,False,35,20,45,100
semi,quality-first-allocation,89,1571309,completed,100,0,65,187850.0,False,False,35,20,45,100
semi,quality-first-allocation,90,1571310,completed,100,0,60,173400.0,False,False,35,20,45,100
semi,quality-first-allocation,91,1571311,completed,100,0,65,187850.0,False,False,35,20,45,100
semi,quality-first-allocation,92,1571312,completed,100,0,70,202300.0,False,False,35,20,45,100
semi,quality-first-allocation,93,1571313,completed,100,0,55,158950.0,False,False,35,20,45,100
semi,quality-first-allocation,94,1571314,completed,100,0,60,173400.0,False,False,35,20,45,100
semi,quality-first-allocation,95,1571315,completed,100,0,70,202300.0,False,False,35,20,45,100
semi,quality-first-allocation,96,1571316,completed,100,0,65,187850.0,False,False,35,20,45,100
semi,quality-first-allocation,97,1571317,completed,100,0,60,173400.0,False,False,35,20,45,100
semi,quality-first-allocation,98,1571318,completed,100,0,70,202300.0,False,False,35,20,45,100
semi,quality-first-allocation,99,1571319,completed,100,0,55,158950.0,False,False,35,20,45,100
semi,quality-first-allocation,100,1571320,completed,100,0,60,173400.0,False,False,35,20,45,100
semi,quality-first-allocation,101,1571321,completed,100,0,65,187850.0,False,False,35,20,45,100
semi,quality-first-allocation,102,1571322,deadline_reached,99,1,70,202300.0,False,False,34,20,45,99
semi,quality-first-allocation,103,1571323,deadline_reached,99,1,70,202300.0,False,False,34,20,45,99
semi,quality-first-allocation,104,1571324,deadline_reached,99,1,70,202300.0,False,False,34,20,45,99
semi,quality-first-allocation,105,1571325,completed,100,0,70,202300.0,False,False,35,20,45,100
semi,quality-first-allocation,106,1571326,completed,100,0,60,173400.0,False,False,35,20,45,100
semi,quality-first-allocation,107,1571327,completed,100,0,70,202300.0,False,False,35,20,45,100
semi,quality-first-allocation,108,1571328,deadline_reached,98,2,70,202300.0,False,False,33,20,45,98
semi,quality-first-allocation,109,1571329,deadline_reached,98,2,70,202300.0,False,False,33,20,45,98
semi,quality-first-allocation,110,1571330,completed,100,0,65,187850.0,False,False,35,20,45,100
semi,quality-first-allocation,111,1571331,completed,100,0,65,187850.0,False,False,35,20,45,100
semi,quality-first-allocation,112,1571332,completed,100,0,70,202300.0,False,False,35,20,45,100
semi,quality-first-allocation,113,1571333,completed,100,0,70,202300.0,False,False,35,20,45,100
semi,quality-first-allocation,114,1571334,deadline_reached,98,2,70,202300.0,False,False,33,20,45,98
semi,quality-first-allocation,115,1571335,deadline_reached,99,1,70,202300.0,False,False,34,20,45,99
semi,quality-first-allocation,116,1571336,deadline_reached,99,1,70,202300.0,False,False,34,20,45,99
semi,quality-first-allocation,117,1571337,completed,100,0,70,202300.0,False,False,35,20,45,100
semi,quality-first-allocation,118,1571338,completed,100,0,65,187850.0,False,False,35,20,45,100
semi,quality-first-allocation,119,1571339,deadline_reached,99,1,70,202300.0,False,False,34,20,45,99
semi,quality-first-allocation,120,1571340,deadline_reached,99,1,70,202300.0,False,False,34,20,45,99
semi,quality-first-allocation,121,1571341,deadline_reached,99,1,70,202300.0,False,False,34,20,45,99
semi,quality-first-allocation,122,1571342,deadline_reached,99,1,70,202300.0,False,False,34,20,45,99
semi,quality-first-allocation,123,1571343,completed,100,0,70,202300.0,False,False,35,20,45,100
semi,quality-first-allocation,124,1571344,deadline_reached,99,1,70,202300.0,False,False,34,20,45,99
semi,quality-first-allocation,125,1571345,completed,100,0,70,202300.0,False,False,35,20,45,100
semi,quality-first-allocation,126,1571346,completed,100,0,65,187850.0,False,False,35,20,45,100
semi,quality-first-allocation,127,1571347,completed,100,0,70,202300.0,False,False,35,20,45,100
semi,quality-first-allocation,128,1571348,deadline_reached,99,1,70,202300.0,False,False,34,20,45,99
semi,quality-first-allocation,129,1571349,completed,100,0,60,173400.0,False,False,35,20,45,100
semi,quality-first-allocation,130,1571350,completed,100,0,65,187850.0,False,False,35,20,45,100
semi,quality-first-allocation,131,1571351,completed,100,0,60,173400.0,False,False,35,20,45,100
semi,quality-first-allocation,132,1571352,completed,100,0,60,173400.0,False,False,35,20,45,100
semi,quality-first-allocation,133,1571353,completed,100,0,70,202300.0,False,False,35,20,45,100
semi,quality-first-allocation,134,1571354,completed,100,0,65,187850.0,False,False,35,20,45,100
semi,quality-first-allocation,135,1571355,completed,100,0,70,202300.0,False,False,35,20,45,100
semi,quality-first-allocation,136,1571356,completed,100,0,70,202300.0,False,False,35,20,45,100
semi,quality-first-allocation,137,1571357,completed,100,0,65,187850.0,False,False,35,20,45,100
semi,quality-first-allocation,138,1571358,completed,100,0,70,202300.0,False,False,35,20,45,100
semi,quality-first-allocation,139,1571359,completed,100,0,60,173400.0,False,False,35,20,45,100
semi,quality-first-allocation,140,1571360,completed,100,0,70,202300.0,False,False,35,20,45,100
semi,quality-first-allocation,141,1571361,completed,100,0,65,187850.0,False,False,35,20,45,100
semi,quality-first-allocation,142,1571362,deadline_reached,99,1,70,202300.0,False,False,34,20,45,99
semi,quality-first-allocation,143,1571363,completed,100,0,60,173400.0,False,False,35,20,45,100
semi,quality-first-allocation,144,1571364,completed,100,0,65,187850.0,False,False,35,20,45,100
semi,quality-first-allocation,145,1571365,deadline_reached,98,2,70,202300.0,False,False,33,20,45,98
semi,quality-first-allocation,146,1571366,deadline_reached,98,2,70,202300.0,False,False,33,20,45,98
semi,quality-first-allocation,147,1571367,deadline_reached,99,1,70,202300.0,False,False,34,20,45,99
semi,quality-first-allocation,148,1571368,completed,100,0,70,202300.0,False,False,35,20,45,100
semi,quality-first-allocation,149,1571369,completed,100,0,65,187850.0,False,False,35,20,45,100
semi,quality-first-allocation,150,1571370,completed,100,0,65,187850.0,False,False,35,20,45,100
semi,quality-first-allocation,151,1571371,completed,100,0,65,187850.0,False,False,35,20,45,100
semi,quality-first-allocation,152,1571372,completed,100,0,65,187850.0,False,False,35,20,45,100
semi,quality-first-allocation,153,1571373,completed,100,0,60,173400.0,False,False,35,20,45,100
semi,quality-first-allocation,154,1571374,deadline_reached,98,2,70,202300.0,False,False,33,20,45,98
semi,quality-first-allocation,155,1571375,completed,100,0,70,202300.0,False,False,35,20,45,100
semi,quality-first-allocation,156,1571376,deadline_reached,99,1,70,202300.0,False,False,34,20,45,99
semi,quality-first-allocation,157,1571377,completed,100,0,55,158950.0,False,False,35,20,45,100
semi,quality-first-allocation,158,1571378,completed,100,0,65,187850.0,False,False,35,20,45,100
semi,quality-first-allocation,159,1571379,completed,100,0,65,187850.0,False,False,35,20,45,100
semi,quality-first-allocation,160,1571380,completed,100,0,70,202300.0,False,False,35,20,45,100
semi,quality-first-allocation,161,1571381,completed,100,0,65,187850.0,False,False,35,20,45,100
semi,quality-first-allocation,162,1571382,completed,100,0,70,202300.0,False,False,35,20,45,100
semi,quality-first-allocation,163,1571383,deadline_reached,99,1,70,202300.0,False,False,34,20,45,99
semi,quality-first-allocation,164,1571384,deadline_reached,99,1,70,202300.0,False,False,34,20,45,99
semi,quality-first-allocation,165,1571385,completed,100,0,60,173400.0,False,False,35,20,45,100
semi,quality-first-allocation,166,1571386,completed,100,0,70,202300.0,False,False,35,20,45,100
semi,quality-first-allocation,167,1571387,completed,100,0,55,158950.0,False,False,35,20,45,100
semi,quality-first-allocation,168,1571388,completed,100,0,65,187850.0,False,False,35,20,45,100
semi,quality-first-allocation,169,1571389,completed,100,0,65,187850.0,False,False,35,20,45,100
semi,quality-first-allocation,170,1571390,completed,100,0,65,187850.0,False,False,35,20,45,100
semi,quality-first-allocation,171,1571391,completed,100,0,65,187850.0,False,False,35,20,45,100
semi,quality-first-allocation,172,1571392,completed,100,0,65,187850.0,False,False,35,20,45,100
semi,quality-first-allocation,173,1571393,completed,100,0,70,202300.0,False,False,35,20,45,100
semi,quality-first-allocation,174,1571394,completed,100,0,70,202300.0,False,False,35,20,45,100
semi,quality-first-allocation,175,1571395,deadline_reached,99,1,70,202300.0,False,False,34,20,45,99
semi,quality-first-allocation,176,1571396,completed,100,0,70,202300.0,False,False,35,20,45,100
semi,quality-first-allocation,177,1571397,completed,100,0,65,187850.0,False,False,35,20,45,100
semi,quality-first-allocation,178,1571398,completed,100,0,65,187850.0,False,False,35,20,45,100
semi,quality-first-allocation,179,1571399,completed,100,0,65,187850.0,False,False,35,20,45,100
semi,quality-first-allocation,180,1571400,deadline_reached,99,1,70,202300.0,False,False,34,20,45,99
semi,quality-first-allocation,181,1571401,deadline_reached,99,1,70,202300.0,False,False,34,20,45,99
semi,quality-first-allocation,182,1571402,deadline_reached,99,1,70,202300.0,False,False,34,20,45,99
semi,quality-first-allocation,183,1571403,completed,100,0,70,202300.0,False,False,35,20,45,100
semi,quality-first-allocation,184,1571404,deadline_reached,99,1,70,202300.0,False,False,34,20,45,99
semi,quality-first-allocation,185,1571405,completed,100,0,60,173400.0,False,False,35,20,45,100
semi,quality-first-allocation,186,1571406,completed,100,0,70,202300.0,False,False,35,20,45,100
semi,quality-first-allocation,187,1571407,completed,100,0,70,202300.0,False,False,35,20,45,100
semi,quality-first-allocation,188,1571408,deadline_reached,99,1,70,202300.0,False,False,34,20,45,99
semi,quality-first-allocation,189,1571409,completed,100,0,65,187850.0,False,False,35,20,45,100
semi,quality-first-allocation,190,1571410,completed,100,0,65,187850.0,False,False,35,20,45,100
semi,quality-first-allocation,191,1571411,completed,100,0,60,173400.0,False,False,35,20,45,100
semi,quality-first-allocation,192,1571412,completed,100,0,60,173400.0,False,False,35,20,45,100
semi,quality-first-allocation,193,1571413,completed,100,0,60,173400.0,False,False,35,20,45,100
semi,quality-first-allocation,194,1571414,completed,100,0,65,187850.0,False,False,35,20,45,100
semi,quality-first-allocation,195,1571415,deadline_reached,99,1,70,202300.0,False,False,34,20,45,99
semi,quality-first-allocation,196,1571416,completed,100,0,60,173400.0,False,False,35,20,45,100
semi,quality-first-allocation,197,1571417,completed,100,0,65,187850.0,False,False,35,20,45,100
semi,quality-first-allocation,198,1571418,deadline_reached,99,1,70,202300.0,False,False,34,20,45,99
semi,quality-first-allocation,199,1571419,completed,100,0,70,202300.0,False,False,35,20,45,100
semi,overtime-recovery-after-budget-shock,0,1571220,completed,100,0,60,173400.0,False,False,35,20,45,100
semi,overtime-recovery-after-budget-shock,1,1571221,completed,100,0,60,173400.0,False,False,35,20,45,100
semi,overtime-recovery-after-budget-shock,2,1571222,completed,100,0,55,158950.0,False,False,35,20,45,100
semi,overtime-recovery-after-budget-shock,3,1571223,completed,100,0,70,202300.0,False,False,35,20,45,100
semi,overtime-recovery-after-budget-shock,4,1571224,completed,100,0,65,187850.0,False,False,35,20,45,100
semi,overtime-recovery-after-budget-shock,5,1571225,deadline_reached,99,1,70,202300.0,False,False,34,20,45,99
semi,overtime-recovery-after-budget-shock,6,1571226,completed,100,0,60,173400.0,False,False,35,20,45,100
semi,overtime-recovery-after-budget-shock,7,1571227,completed,100,0,60,173400.0,False,False,35,20,45,100
semi,overtime-recovery-after-budget-shock,8,1571228,completed,100,0,55,158950.0,False,False,35,20,45,100
semi,overtime-recovery-after-budget-shock,9,1571229,completed,100,0,50,144500.0,False,False,35,20,45,100
semi,overtime-recovery-after-budget-shock,10,1571230,completed,100,0,60,173400.0,False,False,35,20,45,100
semi,overtime-recovery-after-budget-shock,11,1571231,completed,100,0,60,173400.0,False,False,35,20,45,100
semi,overtime-recovery-after-budget-shock,12,1571232,completed,100,0,65,187850.0,False,False,35,20,45,100
semi,overtime-recovery-after-budget-shock,13,1571233,deadline_reached,99,1,70,202300.0,False,False,34,20,45,99
semi,overtime-recovery-after-budget-shock,14,1571234,completed,100,0,70,202300.0,False,False,35,20,45,100
semi,overtime-recovery-after-budget-shock,15,1571235,completed,100,0,65,187850.0,False,False,35,20,45,100
semi,overtime-recovery-after-budget-shock,16,1571236,completed,100,0,65,187850.0,False,False,35,20,45,100
semi,overtime-recovery-after-budget-shock,17,1571237,completed,100,0,65,187850.0,False,False,35,20,45,100
semi,overtime-recovery-after-budget-shock,18,1571238,completed,100,0,65,187850.0,False,False,35,20,45,100
semi,overtime-recovery-after-budget-shock,19,1571239,completed,100,0,70,202300.0,False,False,35,20,45,100
semi,overtime-recovery-after-budget-shock,20,1571240,completed,100,0,60,173400.0,False,False,35,20,45,100
semi,overtime-recovery-after-budget-shock,21,1571241,completed,100,0,60,173400.0,False,False,35,20,45,100
semi,overtime-recovery-after-budget-shock,22,1571242,completed,100,0,60,173400.0,False,False,35,20,45,100
semi,overtime-recovery-after-budget-shock,23,1571243,completed,100,0,65,187850.0,False,False,35,20,45,100
semi,overtime-recovery-after-budget-shock,24,1571244,completed,100,0,60,173400.0,False,False,35,20,45,100
semi,overtime-recovery-after-budget-shock,25,1571245,completed,100,0,65,187850.0,False,False,35,20,45,100
semi,overtime-recovery-after-budget-shock,26,1571246,deadline_reached,99,1,70,202300.0,False,False,34,20,45,99
semi,overtime-recovery-after-budget-shock,27,1571247,completed,100,0,70,202300.0,False,False,35,20,45,100
semi,overtime-recovery-after-budget-shock,28,1571248,deadline_reached,99,1,70,202300.0,False,False,34,20,45,99
semi,overtime-recovery-after-budget-shock,29,1571249,completed,100,0,65,187850.0,False,False,35,20,45,100
semi,overtime-recovery-after-budget-shock,30,1571250,deadline_reached,99,1,70,202300.0,False,False,34,20,45,99
semi,overtime-recovery-after-budget-shock,31,1571251,completed,100,0,70,202300.0,False,False,35,20,45,100
semi,overtime-recovery-after-budget-shock,32,1571252,completed,100,0,70,202300.0,False,False,35,20,45,100
semi,overtime-recovery-after-budget-shock,33,1571253,completed,100,0,65,187850.0,False,False,35,20,45,100
semi,overtime-recovery-after-budget-shock,34,1571254,completed,100,0,70,202300.0,False,False,35,20,45,100
semi,overtime-recovery-after-budget-shock,35,1571255,completed,100,0,70,202300.0,False,False,35,20,45,100
semi,overtime-recovery-after-budget-shock,36,1571256,completed,100,0,70,202300.0,False,False,35,20,45,100
semi,overtime-recovery-after-budget-shock,37,1571257,deadline_reached,99,1,70,202300.0,False,False,34,20,45,99
semi,overtime-recovery-after-budget-shock,38,1571258,deadline_reached,99,1,70,202300.0,False,False,34,20,45,99
semi,overtime-recovery-after-budget-shock,39,1571259,completed,100,0,65,187850.0,False,False,35,20,45,100
semi,overtime-recovery-after-budget-shock,40,1571260,completed,100,0,65,187850.0,False,False,35,20,45,100
semi,overtime-recovery-after-budget-shock,41,1571261,deadline_reached,99,1,70,202300.0,False,False,34,20,45,99
semi,overtime-recovery-after-budget-shock,42,1571262,completed,100,0,65,187850.0,False,False,35,20,45,100
semi,overtime-recovery-after-budget-shock,43,1571263,completed,100,0,60,173400.0,False,False,35,20,45,100
semi,overtime-recovery-after-budget-shock,44,1571264,completed,100,0,60,173400.0,False,False,35,20,45,100
semi,overtime-recovery-after-budget-shock,45,1571265,completed,100,0,70,202300.0,False,False,35,20,45,100
semi,overtime-recovery-after-budget-shock,46,1571266,deadline_reached,99,1,70,202300.0,False,False,34,20,45,99
semi,overtime-recovery-after-budget-shock,47,1571267,deadline_reached,98,2,70,202300.0,False,False,33,20,45,98
semi,overtime-recovery-after-budget-shock,48,1571268,completed,100,0,65,187850.0,False,False,35,20,45,100
semi,overtime-recovery-after-budget-shock,49,1571269,deadline_reached,99,1,70,202300.0,False,False,34,20,45,99
semi,overtime-recovery-after-budget-shock,50,1571270,completed,100,0,70,202300.0,False,False,35,20,45,100
semi,overtime-recovery-after-budget-shock,51,1571271,deadline_reached,99,1,70,202300.0,False,False,34,20,45,99
semi,overtime-recovery-after-budget-shock,52,1571272,completed,100,0,65,187850.0,False,False,35,20,45,100
semi,overtime-recovery-after-budget-shock,53,1571273,completed,100,0,55,158950.0,False,False,35,20,45,100
semi,overtime-recovery-after-budget-shock,54,1571274,completed,100,0,55,158950.0,False,False,35,20,45,100
semi,overtime-recovery-after-budget-shock,55,1571275,completed,100,0,65,187850.0,False,False,35,20,45,100
semi,overtime-recovery-after-budget-shock,56,1571276,completed,100,0,60,173400.0,False,False,35,20,45,100
semi,overtime-recovery-after-budget-shock,57,1571277,deadline_reached,99,1,70,202300.0,False,False,34,20,45,99
semi,overtime-recovery-after-budget-shock,58,1571278,completed,100,0,60,173400.0,False,False,35,20,45,100
semi,overtime-recovery-after-budget-shock,59,1571279,completed,100,0,60,173400.0,False,False,35,20,45,100
semi,overtime-recovery-after-budget-shock,60,1571280,completed,100,0,60,173400.0,False,False,35,20,45,100
semi,overtime-recovery-after-budget-shock,61,1571281,completed,100,0,55,158950.0,False,False,35,20,45,100
semi,overtime-recovery-after-budget-shock,62,1571282,completed,100,0,60,173400.0,False,False,35,20,45,100
semi,overtime-recovery-after-budget-shock,63,1571283,completed,100,0,55,158950.0,False,False,35,20,45,100
semi,overtime-recovery-after-budget-shock,64,1571284,completed,100,0,55,158950.0,False,False,35,20,45,100
semi,overtime-recovery-after-budget-shock,65,1571285,completed,100,0,55,158950.0,False,False,35,20,45,100
semi,overtime-recovery-after-budget-shock,66,1571286,completed,100,0,55,158950.0,False,False,35,20,45,100
semi,overtime-recovery-after-budget-shock,67,1571287,completed,100,0,65,187850.0,False,False,35,20,45,100
semi,overtime-recovery-after-budget-shock,68,1571288,deadline_reached,99,1,70,202300.0,False,False,34,20,45,99
semi,overtime-recovery-after-budget-shock,69,1571289,deadline_reached,99,1,70,202300.0,False,False,34,20,45,99
semi,overtime-recovery-after-budget-shock,70,1571290,completed,100,0,65,187850.0,False,False,35,20,45,100
semi,overtime-recovery-after-budget-shock,71,1571291,completed,100,0,65,187850.0,False,False,35,20,45,100
semi,overtime-recovery-after-budget-shock,72,1571292,completed,100,0,70,202300.0,False,False,35,20,45,100
semi,overtime-recovery-after-budget-shock,73,1571293,completed,100,0,65,187850.0,False,False,35,20,45,100
semi,overtime-recovery-after-budget-shock,74,1571294,completed,100,0,55,158950.0,False,False,35,20,45,100
semi,overtime-recovery-after-budget-shock,75,1571295,completed,100,0,65,187850.0,False,False,35,20,45,100
semi,overtime-recovery-after-budget-shock,76,1571296,completed,100,0,60,173400.0,False,False,35,20,45,100
semi,overtime-recovery-after-budget-shock,77,1571297,completed,100,0,60,173400.0,False,False,35,20,45,100
semi,overtime-recovery-after-budget-shock,78,1571298,completed,100,0,65,187850.0,False,False,35,20,45,100
semi,overtime-recovery-after-budget-shock,79,1571299,completed,100,0,60,173400.0,False,False,35,20,45,100
semi,overtime-recovery-after-budget-shock,80,1571300,completed,100,0,70,202300.0,False,False,35,20,45,100
semi,overtime-recovery-after-budget-shock,81,1571301,completed,100,0,65,187850.0,False,False,35,20,45,100
semi,overtime-recovery-after-budget-shock,82,1571302,completed,100,0,60,173400.0,False,False,35,20,45,100
semi,overtime-recovery-after-budget-shock,83,1571303,completed,100,0,65,187850.0,False,False,35,20,45,100
semi,overtime-recovery-after-budget-shock,84,1571304,completed,100,0,65,187850.0,False,False,35,20,45,100
semi,overtime-recovery-after-budget-shock,85,1571305,completed,100,0,60,173400.0,False,False,35,20,45,100
semi,overtime-recovery-after-budget-shock,86,1571306,completed,100,0,70,202300.0,False,False,35,20,45,100
semi,overtime-recovery-after-budget-shock,87,1571307,completed,100,0,60,173400.0,False,False,35,20,45,100
semi,overtime-recovery-after-budget-shock,88,1571308,completed,100,0,55,158950.0,False,False,35,20,45,100
semi,overtime-recovery-after-budget-shock,89,1571309,completed,100,0,70,202300.0,False,False,35,20,45,100
semi,overtime-recovery-after-budget-shock,90,1571310,completed,100,0,60,173400.0,False,False,35,20,45,100
semi,overtime-recovery-after-budget-shock,91,1571311,completed,100,0,55,158950.0,False,False,35,20,45,100
semi,overtime-recovery-after-budget-shock,92,1571312,completed,100,0,70,202300.0,False,False,35,20,45,100
semi,overtime-recovery-after-budget-shock,93,1571313,completed,100,0,65,187850.0,False,False,35,20,45,100
semi,overtime-recovery-after-budget-shock,94,1571314,completed,100,0,65,187850.0,False,False,35,20,45,100
semi,overtime-recovery-after-budget-shock,95,1571315,completed,100,0,65,187850.0,False,False,35,20,45,100
semi,overtime-recovery-after-budget-shock,96,1571316,deadline_reached,99,1,70,202300.0,False,False,34,20,45,99
semi,overtime-recovery-after-budget-shock,97,1571317,completed,100,0,55,158950.0,False,False,35,20,45,100
semi,overtime-recovery-after-budget-shock,98,1571318,completed,100,0,60,173400.0,False,False,35,20,45,100
semi,overtime-recovery-after-budget-shock,99,1571319,completed,100,0,70,202300.0,False,False,35,20,45,100
semi,overtime-recovery-after-budget-shock,100,1571320,completed,100,0,60,173400.0,False,False,35,20,45,100
semi,overtime-recovery-after-budget-shock,101,1571321,completed,100,0,65,187850.0,False,False,35,20,45,100
semi,overtime-recovery-after-budget-shock,102,1571322,completed,100,0,60,173400.0,False,False,35,20,45,100
semi,overtime-recovery-after-budget-shock,103,1571323,completed,100,0,60,173400.0,False,False,35,20,45,100
semi,overtime-recovery-after-budget-shock,104,1571324,completed,100,0,70,202300.0,False,False,35,20,45,100
semi,overtime-recovery-after-budget-shock,105,1571325,deadline_reached,99,1,70,202300.0,False,False,34,20,45,99
semi,overtime-recovery-after-budget-shock,106,1571326,completed,100,0,70,202300.0,False,False,35,20,45,100
semi,overtime-recovery-after-budget-shock,107,1571327,completed,100,0,65,187850.0,False,False,35,20,45,100
semi,overtime-recovery-after-budget-shock,108,1571328,deadline_reached,99,1,70,202300.0,False,False,34,20,45,99
semi,overtime-recovery-after-budget-shock,109,1571329,completed,100,0,65,187850.0,False,False,35,20,45,100
semi,overtime-recovery-after-budget-shock,110,1571330,completed,100,0,70,202300.0,False,False,35,20,45,100
semi,overtime-recovery-after-budget-shock,111,1571331,deadline_reached,99,1,70,202300.0,False,False,34,20,45,99
semi,overtime-recovery-after-budget-shock,112,1571332,completed,100,0,70,202300.0,False,False,35,20,45,100
semi,overtime-recovery-after-budget-shock,113,1571333,deadline_reached,99,1,70,202300.0,False,False,34,20,45,99
semi,overtime-recovery-after-budget-shock,114,1571334,completed,100,0,60,173400.0,False,False,35,20,45,100
semi,overtime-recovery-after-budget-shock,115,1571335,completed,100,0,65,187850.0,False,False,35,20,45,100
semi,overtime-recovery-after-budget-shock,116,1571336,completed,100,0,65,187850.0,False,False,35,20,45,100
semi,overtime-recovery-after-budget-shock,117,1571337,completed,100,0,60,173400.0,False,False,35,20,45,100
semi,overtime-recovery-after-budget-shock,118,1571338,deadline_reached,98,2,70,202300.0,False,False,33,20,45,98
semi,overtime-recovery-after-budget-shock,119,1571339,completed,100,0,70,202300.0,False,False,35,20,45,100
semi,overtime-recovery-after-budget-shock,120,1571340,completed,100,0,65,187850.0,False,False,35,20,45,100
semi,overtime-recovery-after-budget-shock,121,1571341,completed,100,0,65,187850.0,False,False,35,20,45,100
semi,overtime-recovery-after-budget-shock,122,1571342,deadline_reached,99,1,70,202300.0,False,False,34,20,45,99
semi,overtime-recovery-after-budget-shock,123,1571343,deadline_reached,99,1,70,202300.0,False,False,34,20,45,99
semi,overtime-recovery-after-budget-shock,124,1571344,completed,100,0,70,202300.0,False,False,35,20,45,100
semi,overtime-recovery-after-budget-shock,125,1571345,completed,100,0,65,187850.0,False,False,35,20,45,100
semi,overtime-recovery-after-budget-shock,126,1571346,completed,100,0,65,187850.0,False,False,35,20,45,100
semi,overtime-recovery-after-budget-shock,127,1571347,completed,100,0,60,173400.0,False,False,35,20,45,100
semi,overtime-recovery-after-budget-shock,128,1571348,completed,100,0,70,202300.0,False,False,35,20,45,100
semi,overtime-recovery-after-budget-shock,129,1571349,completed,100,0,65,187850.0,False,False,35,20,45,100
semi,overtime-recovery-after-budget-shock,130,1571350,completed,100,0,55,158950.0,False,False,35,20,45,100
semi,overtime-recovery-after-budget-shock,131,1571351,completed,100,0,60,173400.0,False,False,35,20,45,100
semi,overtime-recovery-after-budget-shock,132,1571352,completed,100,0,70,202300.0,False,False,35,20,45,100
semi,overtime-recovery-after-budget-shock,133,1571353,completed,100,0,55,158950.0,False,False,35,20,45,100
semi,overtime-recovery-after-budget-shock,134,1571354,completed,100,0,55,158950.0,False,False,35,20,45,100
semi,overtime-recovery-after-budget-shock,135,1571355,completed,100,0,50,144500.0,False,False,35,20,45,100
semi,overtime-recovery-after-budget-shock,136,1571356,completed,100,0,65,187850.0,False,False,35,20,45,100
semi,overtime-recovery-after-budget-shock,137,1571357,completed,100,0,60,173400.0,False,False,35,20,45,100
semi,overtime-recovery-after-budget-shock,138,1571358,deadline_reached,99,1,70,202300.0,False,False,34,20,45,99
semi,overtime-recovery-after-budget-shock,139,1571359,completed,100,0,70,202300.0,False,False,35,20,45,100
semi,overtime-recovery-after-budget-shock,140,1571360,completed,100,0,65,187850.0,False,False,35,20,45,100
semi,overtime-recovery-after-budget-shock,141,1571361,deadline_reached,99,1,70,202300.0,False,False,34,20,45,99
semi,overtime-recovery-after-budget-shock,142,1571362,deadline_reached,99,1,70,202300.0,False,False,34,20,45,99
semi,overtime-recovery-after-budget-shock,143,1571363,completed,100,0,60,173400.0,False,False,35,20,45,100
semi,overtime-recovery-after-budget-shock,144,1571364,completed,100,0,65,187850.0,False,False,35,20,45,100
semi,overtime-recovery-after-budget-shock,145,1571365,completed,100,0,65,187850.0,False,False,35,20,45,100
semi,overtime-recovery-after-budget-shock,146,1571366,completed,100,0,55,158950.0,False,False,35,20,45,100
semi,overtime-recovery-after-budget-shock,147,1571367,deadline_reached,99,1,70,202300.0,False,False,34,20,45,99
semi,overtime-recovery-after-budget-shock,148,1571368,deadline_reached,99,1,70,202300.0,False,False,34,20,45,99
semi,overtime-recovery-after-budget-shock,149,1571369,deadline_reached,99,1,70,202300.0,False,False,34,20,45,99
semi,overtime-recovery-after-budget-shock,150,1571370,completed,100,0,70,202300.0,False,False,35,20,45,100
semi,overtime-recovery-after-budget-shock,151,1571371,deadline_reached,99,1,70,202300.0,False,False,34,20,45,99
semi,overtime-recovery-after-budget-shock,152,1571372,completed,100,0,60,173400.0,False,False,35,20,45,100
semi,overtime-recovery-after-budget-shock,153,1571373,completed,100,0,60,173400.0,False,False,35,20,45,100
semi,overtime-recovery-after-budget-shock,154,1571374,deadline_reached,99,1,70,202300.0,False,False,34,20,45,99
semi,overtime-recovery-after-budget-shock,155,1571375,completed,100,0,70,202300.0,False,False,35,20,45,100
semi,overtime-recovery-after-budget-shock,156,1571376,completed,100,0,65,187850.0,False,False,35,20,45,100
semi,overtime-recovery-after-budget-shock,157,1571377,completed,100,0,60,173400.0,False,False,35,20,45,100
semi,overtime-recovery-after-budget-shock,158,1571378,completed,100,0,70,202300.0,False,False,35,20,45,100
semi,overtime-recovery-after-budget-shock,159,1571379,completed,100,0,55,158950.0,False,False,35,20,45,100
semi,overtime-recovery-after-budget-shock,160,1571380,completed,100,0,70,202300.0,False,False,35,20,45,100
semi,overtime-recovery-after-budget-shock,161,1571381,completed,100,0,70,202300.0,False,False,35,20,45,100
semi,overtime-recovery-after-budget-shock,162,1571382,completed,100,0,65,187850.0,False,False,35,20,45,100
semi,overtime-recovery-after-budget-shock,163,1571383,completed,100,0,65,187850.0,False,False,35,20,45,100
semi,overtime-recovery-after-budget-shock,164,1571384,completed,100,0,55,158950.0,False,False,35,20,45,100
semi,overtime-recovery-after-budget-shock,165,1571385,completed,100,0,70,202300.0,False,False,35,20,45,100
semi,overtime-recovery-after-budget-shock,166,1571386,completed,100,0,65,187850.0,False,False,35,20,45,100
semi,overtime-recovery-after-budget-shock,167,1571387,completed,100,0,60,173400.0,False,False,35,20,45,100
semi,overtime-recovery-after-budget-shock,168,1571388,completed,100,0,55,158950.0,False,False,35,20,45,100
semi,overtime-recovery-after-budget-shock,169,1571389,completed,100,0,60,173400.0,False,False,35,20,45,100
semi,overtime-recovery-after-budget-shock,170,1571390,completed,100,0,60,173400.0,False,False,35,20,45,100
semi,overtime-recovery-after-budget-shock,171,1571391,completed,100,0,55,158950.0,False,False,35,20,45,100
semi,overtime-recovery-after-budget-shock,172,1571392,completed,100,0,65,187850.0,False,False,35,20,45,100
semi,overtime-recovery-after-budget-shock,173,1571393,completed,100,0,55,158950.0,False,False,35,20,45,100
semi,overtime-recovery-after-budget-shock,174,1571394,completed,100,0,65,187850.0,False,False,35,20,45,100
semi,overtime-recovery-after-budget-shock,175,1571395,completed,100,0,60,173400.0,False,False,35,20,45,100
semi,overtime-recovery-after-budget-shock,176,1571396,completed,100,0,70,202300.0,False,False,35,20,45,100
semi,overtime-recovery-after-budget-shock,177,1571397,completed,100,0,60,173400.0,False,False,35,20,45,100
semi,overtime-recovery-after-budget-shock,178,1571398,completed,100,0,65,187850.0,False,False,35,20,45,100
semi,overtime-recovery-after-budget-shock,179,1571399,deadline_reached,99,1,70,202300.0,False,False,34,20,45,99
semi,overtime-recovery-after-budget-shock,180,1571400,completed,100,0,60,173400.0,False,False,35,20,45,100
semi,overtime-recovery-after-budget-shock,181,1571401,deadline_reached,99,1,70,202300.0,False,False,34,20,45,99
semi,overtime-recovery-after-budget-shock,182,1571402,completed,100,0,60,173400.0,False,False,35,20,45,100
semi,overtime-recovery-after-budget-shock,183,1571403,completed,100,0,70,202300.0,False,False,35,20,45,100
semi,overtime-recovery-after-budget-shock,184,1571404,completed,100,0,65,187850.0,False,False,35,20,45,100
semi,overtime-recovery-after-budget-shock,185,1571405,deadline_reached,99,1,70,202300.0,False,False,34,20,45,99
semi,overtime-recovery-after-budget-shock,186,1571406,completed,100,0,70,202300.0,False,False,35,20,45,100
semi,overtime-recovery-after-budget-shock,187,1571407,completed,100,0,70,202300.0,False,False,35,20,45,100
semi,overtime-recovery-after-budget-shock,188,1571408,completed,100,0,65,187850.0,False,False,35,20,45,100
semi,overtime-recovery-after-budget-shock,189,1571409,deadline_reached,99,1,70,202300.0,False,False,34,20,45,99
semi,overtime-recovery-after-budget-shock,190,1571410,deadline_reached,99,1,70,202300.0,False,False,34,20,45,99
semi,overtime-recovery-after-budget-shock,191,1571411,completed,100,0,60,173400.0,False,False,35,20,45,100
semi,overtime-recovery-after-budget-shock,192,1571412,completed,100,0,60,173400.0,False,False,35,20,45,100
semi,overtime-recovery-after-budget-shock,193,1571413,completed,100,0,60,173400.0,False,False,35,20,45,100
semi,overtime-recovery-after-budget-shock,194,1571414,deadline_reached,99,1,70,202300.0,False,False,34,20,45,99
semi,overtime-recovery-after-budget-shock,195,1571415,completed,100,0,55,158950.0,False,False,35,20,45,100
semi,overtime-recovery-after-budget-shock,196,1571416,completed,100,0,60,173400.0,False,False,35,20,45,100
semi,overtime-recovery-after-budget-shock,197,1571417,completed,100,0,60,173400.0,False,False,35,20,45,100
semi,overtime-recovery-after-budget-shock,198,1571418,completed,100,0,65,187850.0,False,False,35,20,45,100
semi,overtime-recovery-after-budget-shock,199,1571419,completed,100,0,65,187850.0,False,False,35,20,45,100
